sock_id,pattern,dominant_color,fabric,foot,size_band,temperature_c,spin_cycle_rpm,static_cling_score,pair_probability,split
sock-00001,tiny-stars,yellow,modal,right,medium,25.9,623,0.29,0.790,train
sock-00002,ribbed,black,linen,ambiguous,large,27.8,646,0.58,0.820,train
sock-00003,heather,green,polyblend,left,xl,29.7,669,0.87,0.670,train
sock-00004,chevron,burgundy,bamboo,right,small,31.6,692,0.16,0.670,train
sock-00005,argyle,charcoal,wool,ambiguous,medium,33.5,715,0.45,0.430,train
sock-00006,plain,teal,cotton,left,large,35.4,738,0.74,0.560,train
sock-00007,dots,white,modal,right,xl,37.3,761,0.03,0.730,train
sock-00008,stripes,coral,linen,ambiguous,small,39.2,784,0.32,0.740,train
sock-00009,tiny-stars,lavender,polyblend,left,medium,41.1,807,0.61,0.680,train
sock-00010,ribbed,navy,bamboo,right,large,43.0,830,0.90,0.770,train
sock-00011,heather,yellow,wool,ambiguous,xl,44.9,853,0.19,0.490,train
sock-00012,chevron,black,cotton,left,small,46.8,876,0.48,0.590,train
sock-00013,argyle,green,modal,right,medium,48.7,899,0.77,0.760,train
sock-00014,plain,burgundy,linen,ambiguous,large,50.6,922,0.06,0.820,train
sock-00015,dots,charcoal,polyblend,left,xl,52.5,945,0.35,0.690,train
sock-00016,stripes,teal,bamboo,right,small,54.4,968,0.64,0.690,train
sock-00017,tiny-stars,white,wool,ambiguous,medium,56.3,991,0.93,0.430,train
sock-00018,ribbed,coral,cotton,left,large,58.2,1014,0.22,0.510,train
sock-00019,heather,lavender,modal,right,xl,60.1,1037,0.51,0.820,train
sock-00020,chevron,navy,linen,ambiguous,small,62.0,1060,0.80,0.850,train
sock-00021,argyle,yellow,polyblend,left,medium,63.9,1083,0.09,0.650,train
sock-00022,plain,black,bamboo,right,large,65.8,1106,0.38,0.860,train
sock-00023,dots,green,wool,ambiguous,xl,67.7,1129,0.67,0.510,train
sock-00024,stripes,burgundy,cotton,left,small,69.6,1152,0.96,0.520,train
sock-00025,tiny-stars,charcoal,modal,right,medium,71.5,1175,0.25,0.830,train
sock-00026,ribbed,teal,linen,ambiguous,large,24.4,1198,0.54,0.770,train
sock-00027,heather,white,polyblend,left,xl,26.3,1221,0.83,0.640,train
sock-00028,chevron,coral,bamboo,right,small,28.2,1244,0.12,0.710,train
sock-00029,argyle,lavender,wool,ambiguous,medium,30.1,1267,0.41,0.470,train
sock-00030,plain,navy,cotton,left,large,32.0,1290,0.70,0.690,train
sock-00031,dots,yellow,modal,right,xl,33.9,1313,0.99,0.840,train
sock-00032,stripes,black,linen,ambiguous,small,35.8,1336,0.28,0.870,train
sock-00033,tiny-stars,green,polyblend,left,medium,37.7,1359,0.57,0.720,train
sock-00034,ribbed,burgundy,bamboo,right,large,39.6,1382,0.86,0.720,train
sock-00035,heather,charcoal,wool,ambiguous,xl,41.5,1405,0.15,0.530,train
sock-00036,chevron,teal,cotton,left,small,43.4,1428,0.44,0.540,train
sock-00037,argyle,white,modal,right,medium,45.3,1451,0.73,0.360,train
sock-00038,plain,coral,linen,ambiguous,large,47.2,1474,0.02,0.860,train
sock-00039,dots,lavender,polyblend,left,xl,49.1,1497,0.31,0.730,train
sock-00040,stripes,navy,bamboo,right,small,51.0,620,0.60,0.820,train
sock-00041,tiny-stars,yellow,wool,ambiguous,medium,52.9,643,0.89,0.540,train
sock-00042,ribbed,black,cotton,left,large,54.8,666,0.18,0.640,train
sock-00043,heather,green,modal,right,xl,56.7,689,0.47,0.490,train
sock-00044,chevron,burgundy,linen,ambiguous,small,58.6,712,0.76,0.800,train
sock-00045,argyle,charcoal,polyblend,left,medium,60.5,735,0.05,0.690,train
sock-00046,plain,teal,bamboo,right,large,62.4,758,0.34,0.810,train
sock-00047,dots,white,wool,ambiguous,xl,64.3,781,0.63,0.480,train
sock-00048,stripes,coral,cotton,left,small,66.2,804,0.92,0.560,train
sock-00049,tiny-stars,lavender,modal,right,medium,68.1,827,0.21,0.500,train
sock-00050,ribbed,navy,linen,ambiguous,large,70.0,850,0.50,0.900,train
sock-00051,heather,yellow,polyblend,left,xl,71.9,873,0.79,0.750,train
sock-00052,chevron,black,bamboo,right,small,24.8,896,0.08,0.840,train
sock-00053,argyle,green,wool,ambiguous,medium,26.7,919,0.37,0.510,train
sock-00054,plain,burgundy,cotton,left,large,28.6,942,0.66,0.640,train
sock-00055,dots,charcoal,modal,right,xl,30.5,965,0.95,0.510,train
sock-00056,stripes,teal,linen,ambiguous,small,32.4,988,0.24,0.820,train
sock-00057,tiny-stars,white,polyblend,left,medium,34.3,1011,0.53,0.690,train
sock-00058,ribbed,coral,bamboo,right,large,36.2,1034,0.82,0.760,train
sock-00059,heather,lavender,wool,ambiguous,xl,38.1,1057,0.11,0.570,train
sock-00060,chevron,navy,cotton,left,small,40.0,1080,0.40,0.670,train
sock-00061,argyle,yellow,modal,right,medium,41.9,1103,0.69,0.470,train
sock-00062,plain,black,linen,ambiguous,large,43.8,1126,0.98,0.990,train
sock-00063,dots,green,polyblend,left,xl,45.7,1149,0.27,0.770,train
sock-00064,stripes,burgundy,bamboo,right,small,47.6,1172,0.56,0.770,train
sock-00065,tiny-stars,charcoal,wool,ambiguous,medium,49.5,1195,0.85,0.580,train
sock-00066,ribbed,teal,cotton,left,large,51.4,1218,0.14,0.590,train
sock-00067,heather,white,modal,right,xl,53.3,1241,0.43,0.460,train
sock-00068,chevron,coral,linen,ambiguous,small,55.2,1264,0.72,0.840,train
sock-00069,argyle,lavender,polyblend,left,medium,57.1,1287,0.01,0.730,train
sock-00070,plain,navy,bamboo,right,large,59.0,1310,0.30,0.940,train
sock-00071,dots,yellow,wool,ambiguous,xl,60.9,1333,0.59,0.590,train
sock-00072,stripes,black,cotton,left,small,62.8,1356,0.88,0.690,train
sock-00073,tiny-stars,green,modal,right,medium,64.7,1379,0.17,0.540,train
sock-00074,ribbed,burgundy,linen,ambiguous,large,66.6,1402,0.46,0.480,train
sock-00075,heather,charcoal,polyblend,left,xl,68.5,1425,0.75,0.790,train
sock-00076,chevron,teal,bamboo,right,small,70.4,1448,0.04,0.790,train
sock-00077,argyle,white,wool,ambiguous,medium,72.3,1471,0.33,0.480,train
sock-00078,plain,coral,cotton,left,large,25.2,1494,0.62,0.680,train
sock-00079,dots,lavender,modal,right,xl,27.1,617,0.91,0.550,train
sock-00080,stripes,navy,linen,ambiguous,small,29.0,640,0.20,0.580,train
sock-00081,tiny-stars,yellow,polyblend,left,medium,30.9,663,0.49,0.800,train
sock-00082,ribbed,black,bamboo,right,large,32.8,686,0.78,0.890,train
sock-00083,heather,green,wool,ambiguous,xl,34.7,709,0.07,0.610,train
sock-00084,chevron,burgundy,cotton,left,small,36.6,732,0.36,0.620,train
sock-00085,argyle,charcoal,modal,right,medium,38.5,755,0.65,0.510,train
sock-00086,plain,teal,linen,ambiguous,large,40.4,778,0.94,0.570,train
sock-00087,dots,white,polyblend,left,xl,42.3,801,0.23,0.740,train
sock-00088,stripes,coral,bamboo,right,small,44.2,824,0.52,0.810,train
sock-00089,tiny-stars,lavender,wool,ambiguous,medium,46.1,847,0.81,0.620,train
sock-00090,ribbed,navy,cotton,left,large,48.0,870,0.10,0.720,train
sock-00091,heather,yellow,modal,right,xl,49.9,893,0.39,0.570,train
sock-00092,chevron,black,linen,ambiguous,small,51.8,916,0.68,0.600,train
sock-00093,argyle,green,polyblend,left,medium,53.7,939,0.97,0.770,train
sock-00094,plain,burgundy,bamboo,right,large,55.6,962,0.26,0.890,train
sock-00095,dots,charcoal,wool,ambiguous,xl,57.5,985,0.55,0.630,train
sock-00096,stripes,teal,cotton,left,small,59.4,1008,0.84,0.640,train
sock-00097,tiny-stars,white,modal,right,medium,61.3,1031,0.13,0.510,train
sock-00098,ribbed,coral,linen,ambiguous,large,63.2,1054,0.42,0.520,train
sock-00099,heather,lavender,polyblend,left,xl,65.1,1077,0.71,0.830,train
sock-00100,chevron,navy,bamboo,right,small,67.0,1100,0.00,0.920,train
sock-00101,argyle,yellow,wool,ambiguous,medium,68.9,1123,0.29,0.590,train
sock-00102,plain,black,cotton,left,large,70.8,1146,0.58,0.810,train
sock-00103,dots,green,modal,right,xl,72.7,1169,0.87,0.590,train
sock-00104,stripes,burgundy,linen,ambiguous,small,25.6,1192,0.16,0.530,train
sock-00105,tiny-stars,charcoal,polyblend,left,medium,27.5,1215,0.45,0.840,train
sock-00106,ribbed,teal,bamboo,right,large,29.4,1238,0.74,0.840,train
sock-00107,heather,white,wool,ambiguous,xl,31.3,1261,0.03,0.580,train
sock-00108,chevron,coral,cotton,left,small,33.2,1284,0.32,0.660,train
sock-00109,argyle,lavender,modal,right,medium,35.1,1307,0.61,0.550,train
sock-00110,plain,navy,linen,ambiguous,large,37.0,1330,0.90,0.700,train
sock-00111,dots,yellow,polyblend,left,xl,38.9,1353,0.19,0.480,train
sock-00112,stripes,black,bamboo,right,small,40.8,1376,0.48,0.940,train
sock-00113,tiny-stars,green,wool,ambiguous,medium,42.7,1399,0.77,0.660,train
sock-00114,ribbed,burgundy,cotton,left,large,44.6,1422,0.06,0.670,train
sock-00115,heather,charcoal,modal,right,xl,46.5,1445,0.35,0.610,train
sock-00116,chevron,teal,linen,ambiguous,small,48.4,1468,0.64,0.550,train
sock-00117,argyle,white,polyblend,left,medium,50.3,1491,0.93,0.370,train
sock-00118,plain,coral,bamboo,right,large,52.2,614,0.22,0.930,train
sock-00119,dots,lavender,wool,ambiguous,xl,54.1,637,0.51,0.670,train
sock-00120,stripes,navy,cotton,left,small,56.0,660,0.80,0.770,train
sock-00121,tiny-stars,yellow,modal,right,medium,57.9,683,0.09,0.620,train
sock-00122,ribbed,black,linen,ambiguous,large,59.8,706,0.38,0.650,train
sock-00123,heather,green,polyblend,left,xl,61.7,729,0.67,0.500,train
sock-00124,chevron,burgundy,bamboo,right,small,63.6,752,0.96,0.870,train
sock-00125,argyle,charcoal,wool,ambiguous,medium,65.5,775,0.25,0.630,train
sock-00126,plain,teal,cotton,left,large,67.4,798,0.54,0.760,train
sock-00127,dots,white,modal,right,xl,69.3,821,0.83,0.560,train
sock-00128,stripes,coral,linen,ambiguous,small,71.2,844,0.12,0.570,train
sock-00129,tiny-stars,lavender,polyblend,left,medium,24.1,867,0.41,0.510,train
sock-00130,ribbed,navy,bamboo,right,large,26.0,890,0.70,0.970,train
sock-00131,heather,yellow,wool,ambiguous,xl,27.9,913,0.99,0.690,train
sock-00132,chevron,black,cotton,left,small,29.8,936,0.28,0.790,train
sock-00133,argyle,green,modal,right,medium,31.7,959,0.57,0.590,train
sock-00134,plain,burgundy,linen,ambiguous,large,33.6,982,0.86,0.650,train
sock-00135,dots,charcoal,polyblend,left,xl,35.5,1005,0.15,0.520,train
sock-00136,stripes,teal,bamboo,right,small,37.4,1028,0.44,0.890,train
sock-00137,tiny-stars,white,wool,ambiguous,medium,39.3,1051,0.73,0.630,train
sock-00138,ribbed,coral,cotton,left,large,41.2,1074,0.02,0.710,train
sock-00139,heather,lavender,modal,right,xl,43.1,1097,0.31,0.650,train
sock-00140,chevron,navy,linen,ambiguous,small,45.0,1120,0.60,0.680,train
sock-00141,argyle,yellow,polyblend,left,medium,46.9,1143,0.89,0.480,train
sock-00142,plain,black,bamboo,right,large,48.8,1166,0.18,0.990,train
sock-00143,dots,green,wool,ambiguous,xl,50.7,1189,0.47,0.710,train
sock-00144,stripes,burgundy,cotton,left,small,52.6,1212,0.76,0.720,train
sock-00145,tiny-stars,charcoal,modal,right,medium,54.5,1235,0.05,0.660,train
sock-00146,ribbed,teal,linen,ambiguous,large,56.4,1258,0.34,0.600,train
sock-00147,heather,white,polyblend,left,xl,58.3,1281,0.63,0.470,train
sock-00148,chevron,coral,bamboo,right,small,60.2,1304,0.92,0.540,train
sock-00149,argyle,lavender,wool,ambiguous,medium,62.1,1327,0.21,0.670,train
sock-00150,plain,navy,cotton,left,large,64.0,1350,0.50,0.890,train
sock-00151,dots,yellow,modal,right,xl,65.9,1373,0.79,0.670,train
sock-00152,stripes,black,linen,ambiguous,small,67.8,1396,0.08,0.700,train
sock-00153,tiny-stars,green,polyblend,left,medium,69.7,1419,0.37,0.550,train
sock-00154,ribbed,burgundy,bamboo,right,large,71.6,1442,0.66,0.550,train
sock-00155,heather,charcoal,wool,ambiguous,xl,24.5,1465,0.95,0.730,train
sock-00156,chevron,teal,cotton,left,small,26.4,1488,0.24,0.740,train
sock-00157,argyle,white,modal,right,medium,28.3,611,0.53,0.560,train
sock-00158,plain,coral,linen,ambiguous,large,30.2,634,0.82,0.690,train
sock-00159,dots,lavender,polyblend,left,xl,32.1,657,0.11,0.560,train
sock-00160,stripes,navy,bamboo,right,small,34.0,680,0.40,0.650,train
sock-00161,tiny-stars,yellow,wool,ambiguous,medium,35.9,703,0.69,0.740,train
sock-00162,ribbed,black,cotton,left,large,37.8,726,0.98,0.840,train
sock-00163,heather,green,modal,right,xl,39.7,749,0.27,0.690,train
sock-00164,chevron,burgundy,linen,ambiguous,small,41.6,772,0.56,0.630,train
sock-00165,argyle,charcoal,polyblend,left,medium,43.5,795,0.85,0.520,train
sock-00166,plain,teal,bamboo,right,large,45.4,818,0.14,0.640,train
sock-00167,dots,white,wool,ambiguous,xl,47.3,841,0.43,0.680,train
sock-00168,stripes,coral,cotton,left,small,49.2,864,0.72,0.760,train
sock-00169,tiny-stars,lavender,modal,right,medium,51.1,887,0.01,0.700,train
sock-00170,ribbed,navy,linen,ambiguous,large,53.0,910,0.30,0.730,train
sock-00171,heather,yellow,polyblend,left,xl,54.9,933,0.59,0.580,train
sock-00172,chevron,black,bamboo,right,small,56.8,956,0.88,0.670,train
sock-00173,argyle,green,wool,ambiguous,medium,58.7,979,0.17,0.710,train
sock-00174,plain,burgundy,cotton,left,large,60.6,1002,0.46,0.840,train
sock-00175,dots,charcoal,modal,right,xl,62.5,1025,0.75,0.710,train
sock-00176,stripes,teal,linen,ambiguous,small,64.4,1048,0.04,0.650,train
sock-00177,tiny-stars,white,polyblend,left,medium,66.3,1071,0.33,0.520,train
sock-00178,ribbed,coral,bamboo,right,large,68.2,1094,0.62,0.590,train
sock-00179,heather,lavender,wool,ambiguous,xl,70.1,1117,0.91,0.770,train
sock-00180,chevron,navy,cotton,left,small,72.0,1140,0.20,0.870,train
sock-00181,argyle,yellow,modal,right,medium,24.9,1163,0.49,0.670,train
sock-00182,plain,black,linen,ambiguous,large,26.8,1186,0.78,0.820,train
sock-00183,dots,green,polyblend,left,xl,28.7,1209,0.07,0.600,train
sock-00184,stripes,burgundy,bamboo,right,small,30.6,1232,0.36,0.600,train
sock-00185,tiny-stars,charcoal,wool,ambiguous,medium,32.5,1255,0.65,0.410,train
sock-00186,ribbed,teal,cotton,left,large,34.4,1278,0.94,0.790,train
sock-00187,heather,white,modal,right,xl,36.3,1301,0.23,0.660,train
sock-00188,chevron,coral,linen,ambiguous,small,38.2,1324,0.52,0.670,train
sock-00189,argyle,lavender,polyblend,left,medium,40.1,1347,0.81,0.560,train
sock-00190,plain,navy,bamboo,right,large,42.0,1370,0.10,0.770,train
sock-00191,dots,yellow,wool,ambiguous,xl,43.9,1393,0.39,0.420,train
sock-00192,stripes,black,cotton,left,small,45.8,1416,0.68,0.890,train
sock-00193,tiny-stars,green,modal,right,medium,47.7,1439,0.97,0.740,train
sock-00194,ribbed,burgundy,linen,ambiguous,large,49.6,1462,0.26,0.680,train
sock-00195,heather,charcoal,polyblend,left,xl,51.5,1485,0.55,0.620,train
sock-00196,chevron,teal,bamboo,right,small,53.4,608,0.84,0.620,train
sock-00197,argyle,white,wool,ambiguous,medium,55.3,631,0.13,0.310,train
sock-00198,plain,coral,cotton,left,large,57.2,654,0.42,0.880,train
sock-00199,dots,lavender,modal,right,xl,59.1,677,0.71,0.750,train
sock-00200,stripes,navy,linen,ambiguous,small,61.0,700,0.00,0.780,train
sock-00201,tiny-stars,yellow,polyblend,left,medium,62.9,723,0.29,0.630,train
sock-00202,ribbed,black,bamboo,right,large,64.8,746,0.58,0.720,train
sock-00203,heather,green,wool,ambiguous,xl,66.7,769,0.87,0.440,train
sock-00204,chevron,burgundy,cotton,left,small,68.6,792,0.16,0.820,train
sock-00205,argyle,charcoal,modal,right,medium,70.5,815,0.45,0.710,train
sock-00206,plain,teal,linen,ambiguous,large,72.4,838,0.74,0.770,train
sock-00207,dots,white,polyblend,left,xl,25.3,861,0.03,0.570,train
sock-00208,stripes,coral,bamboo,right,small,27.2,884,0.32,0.640,train
sock-00209,tiny-stars,lavender,wool,ambiguous,medium,29.1,907,0.61,0.450,train
sock-00210,ribbed,navy,cotton,left,large,31.0,930,0.90,0.920,train
sock-00211,heather,yellow,modal,right,xl,32.9,953,0.19,0.770,train
sock-00212,chevron,black,linen,ambiguous,small,34.8,976,0.48,0.800,train
sock-00213,argyle,green,polyblend,left,medium,36.7,999,0.77,0.600,train
sock-00214,plain,burgundy,bamboo,right,large,38.6,1022,0.06,0.720,train
sock-00215,dots,charcoal,wool,ambiguous,xl,40.5,1045,0.35,0.460,train
sock-00216,stripes,teal,cotton,left,small,42.4,1068,0.64,0.840,train
sock-00217,tiny-stars,white,modal,right,medium,44.3,1091,0.93,0.710,train
sock-00218,ribbed,coral,linen,ambiguous,large,46.2,1114,0.22,0.720,train
sock-00219,heather,lavender,polyblend,left,xl,48.1,1137,0.51,0.660,train
sock-00220,chevron,navy,bamboo,right,small,50.0,1160,0.80,0.750,train
sock-00221,argyle,yellow,wool,ambiguous,medium,51.9,1183,0.09,0.420,train
sock-00222,plain,black,cotton,left,large,53.8,1206,0.38,0.640,train
sock-00223,dots,green,modal,right,xl,55.7,1229,0.67,0.790,train
sock-00224,stripes,burgundy,linen,ambiguous,small,57.6,1252,0.96,0.730,train
sock-00225,tiny-stars,charcoal,polyblend,left,medium,59.5,1275,0.25,0.670,train
sock-00226,ribbed,teal,bamboo,right,large,61.4,1298,0.54,0.670,train
sock-00227,heather,white,wool,ambiguous,xl,63.3,1321,0.83,0.410,train
sock-00228,chevron,coral,cotton,left,small,65.2,1344,0.12,0.490,train
sock-00229,argyle,lavender,modal,right,medium,67.1,1367,0.41,0.750,train
sock-00230,plain,navy,linen,ambiguous,large,69.0,1390,0.70,0.900,train
sock-00231,dots,yellow,polyblend,left,xl,70.9,1413,0.99,0.680,train
sock-00232,stripes,black,bamboo,right,small,72.8,1436,0.28,0.770,train
sock-00233,tiny-stars,green,wool,ambiguous,medium,25.7,1459,0.57,0.490,train
sock-00234,ribbed,burgundy,cotton,left,large,27.6,1482,0.86,0.500,train
sock-00235,heather,charcoal,modal,right,xl,29.5,605,0.15,0.810,train
sock-00236,chevron,teal,linen,ambiguous,small,31.4,628,0.44,0.750,train
sock-00237,argyle,white,polyblend,left,medium,33.3,651,0.73,0.570,train
sock-00238,plain,coral,bamboo,right,large,35.2,674,0.02,0.760,train
sock-00239,dots,lavender,wool,ambiguous,xl,37.1,697,0.31,0.500,train
sock-00240,stripes,navy,cotton,left,small,39.0,720,0.60,0.600,train
sock-00241,tiny-stars,yellow,modal,right,medium,40.9,743,0.89,0.820,train
sock-00242,ribbed,black,linen,ambiguous,large,42.8,766,0.18,0.850,train
sock-00243,heather,green,polyblend,left,xl,44.7,789,0.47,0.700,train
sock-00244,chevron,burgundy,bamboo,right,small,46.6,812,0.76,0.700,train
sock-00245,argyle,charcoal,wool,ambiguous,medium,48.5,835,0.05,0.460,train
sock-00246,plain,teal,cotton,left,large,50.4,858,0.34,0.590,train
sock-00247,dots,white,modal,right,xl,52.3,881,0.63,0.760,train
sock-00248,stripes,coral,linen,ambiguous,small,54.2,904,0.92,0.770,train
sock-00249,tiny-stars,lavender,polyblend,left,medium,56.1,927,0.21,0.710,train
sock-00250,ribbed,navy,bamboo,right,large,58.0,950,0.50,0.800,train
sock-00251,heather,yellow,wool,ambiguous,xl,59.9,973,0.79,0.520,train
sock-00252,chevron,black,cotton,left,small,61.8,996,0.08,0.620,train
sock-00253,argyle,green,modal,right,medium,63.7,1019,0.37,0.790,train
sock-00254,plain,burgundy,linen,ambiguous,large,65.6,1042,0.66,0.850,train
sock-00255,dots,charcoal,polyblend,left,xl,67.5,1065,0.95,0.720,train
sock-00256,stripes,teal,bamboo,right,small,69.4,1088,0.24,0.720,train
sock-00257,tiny-stars,white,wool,ambiguous,medium,71.3,1111,0.53,0.460,train
sock-00258,ribbed,coral,cotton,left,large,24.2,1134,0.82,0.540,train
sock-00259,heather,lavender,modal,right,xl,26.1,1157,0.11,0.480,train
sock-00260,chevron,navy,linen,ambiguous,small,28.0,1180,0.40,0.880,train
sock-00261,argyle,yellow,polyblend,left,medium,29.9,1203,0.69,0.680,train
sock-00262,plain,black,bamboo,right,large,31.8,1226,0.98,0.890,train
sock-00263,dots,green,wool,ambiguous,xl,33.7,1249,0.27,0.540,train
sock-00264,stripes,burgundy,cotton,left,small,35.6,1272,0.56,0.550,train
sock-00265,tiny-stars,charcoal,modal,right,medium,37.5,1295,0.85,0.490,train
sock-00266,ribbed,teal,linen,ambiguous,large,39.4,1318,0.14,0.800,train
sock-00267,heather,white,polyblend,left,xl,41.3,1341,0.43,0.670,train
sock-00268,chevron,coral,bamboo,right,small,43.2,1364,0.72,0.740,train
sock-00269,argyle,lavender,wool,ambiguous,medium,45.1,1387,0.01,0.500,train
sock-00270,plain,navy,cotton,left,large,47.0,1410,0.30,0.720,train
sock-00271,dots,yellow,modal,right,xl,48.9,1433,0.59,0.500,train
sock-00272,stripes,black,linen,ambiguous,small,50.8,1456,0.88,0.900,train
sock-00273,tiny-stars,green,polyblend,left,medium,52.7,1479,0.17,0.750,train
sock-00274,ribbed,burgundy,bamboo,right,large,54.6,602,0.46,0.750,train
sock-00275,heather,charcoal,wool,ambiguous,xl,56.5,625,0.75,0.560,train
sock-00276,chevron,teal,cotton,left,small,58.4,648,0.04,0.570,train
sock-00277,argyle,white,modal,right,medium,60.3,671,0.33,0.390,train
sock-00278,plain,coral,linen,ambiguous,large,62.2,694,0.62,0.890,train
sock-00279,dots,lavender,polyblend,left,xl,64.1,717,0.91,0.760,train
sock-00280,stripes,navy,bamboo,right,small,66.0,740,0.20,0.850,train
sock-00281,tiny-stars,yellow,wool,ambiguous,medium,67.9,763,0.49,0.570,train
sock-00282,ribbed,black,cotton,left,large,69.8,786,0.78,0.670,train
sock-00283,heather,green,modal,right,xl,71.7,809,0.07,0.520,train
sock-00284,chevron,burgundy,linen,ambiguous,small,24.6,832,0.36,0.830,train
sock-00285,argyle,charcoal,polyblend,left,medium,26.5,855,0.65,0.720,train
sock-00286,plain,teal,bamboo,right,large,28.4,878,0.94,0.840,train
sock-00287,dots,white,wool,ambiguous,xl,30.3,901,0.23,0.510,train
sock-00288,stripes,coral,cotton,left,small,32.2,924,0.52,0.590,train
sock-00289,tiny-stars,lavender,modal,right,medium,34.1,947,0.81,0.530,train
sock-00290,ribbed,navy,linen,ambiguous,large,36.0,970,0.10,0.930,train
sock-00291,heather,yellow,polyblend,left,xl,37.9,993,0.39,0.780,train
sock-00292,chevron,black,bamboo,right,small,39.8,1016,0.68,0.870,train
sock-00293,argyle,green,wool,ambiguous,medium,41.7,1039,0.97,0.540,train
sock-00294,plain,burgundy,cotton,left,large,43.6,1062,0.26,0.670,train
sock-00295,dots,charcoal,modal,right,xl,45.5,1085,0.55,0.540,train
sock-00296,stripes,teal,linen,ambiguous,small,47.4,1108,0.84,0.480,train
sock-00297,tiny-stars,white,polyblend,left,medium,49.3,1131,0.13,0.720,train
sock-00298,ribbed,coral,bamboo,right,large,51.2,1154,0.42,0.790,train
sock-00299,heather,lavender,wool,ambiguous,xl,53.1,1177,0.71,0.600,train
sock-00300,chevron,navy,cotton,left,small,55.0,1200,0.00,0.700,train
sock-00301,argyle,yellow,modal,right,medium,56.9,1223,0.29,0.500,train
sock-00302,plain,black,linen,ambiguous,large,58.8,1246,0.58,0.650,train
sock-00303,dots,green,polyblend,left,xl,60.7,1269,0.87,0.800,train
sock-00304,stripes,burgundy,bamboo,right,small,62.6,1292,0.16,0.800,train
sock-00305,tiny-stars,charcoal,wool,ambiguous,medium,64.5,1315,0.45,0.610,train
sock-00306,ribbed,teal,cotton,left,large,66.4,1338,0.74,0.620,train
sock-00307,heather,white,modal,right,xl,68.3,1361,0.03,0.490,train
sock-00308,chevron,coral,linen,ambiguous,small,70.2,1384,0.32,0.500,train
sock-00309,argyle,lavender,polyblend,left,medium,72.1,1407,0.61,0.760,train
sock-00310,plain,navy,bamboo,right,large,25.0,1430,0.90,0.970,train
sock-00311,dots,yellow,wool,ambiguous,xl,26.9,1453,0.19,0.620,train
sock-00312,stripes,black,cotton,left,small,28.8,1476,0.48,0.720,train
sock-00313,tiny-stars,green,modal,right,medium,30.7,1499,0.77,0.570,train
sock-00314,ribbed,burgundy,linen,ambiguous,large,32.6,622,0.06,0.510,train
sock-00315,heather,charcoal,polyblend,left,xl,34.5,645,0.35,0.820,train
sock-00316,chevron,teal,bamboo,right,small,36.4,668,0.64,0.820,train
sock-00317,argyle,white,wool,ambiguous,medium,38.3,691,0.93,0.510,train
sock-00318,plain,coral,cotton,left,large,40.2,714,0.22,0.710,train
sock-00319,dots,lavender,modal,right,xl,42.1,737,0.51,0.580,train
sock-00320,stripes,navy,linen,ambiguous,small,44.0,760,0.80,0.610,train
sock-00321,tiny-stars,yellow,polyblend,left,medium,45.9,783,0.09,0.830,train
sock-00322,ribbed,black,bamboo,right,large,47.8,806,0.38,0.920,train
sock-00323,heather,green,wool,ambiguous,xl,49.7,829,0.67,0.640,train
sock-00324,chevron,burgundy,cotton,left,small,51.6,852,0.96,0.650,train
sock-00325,argyle,charcoal,modal,right,medium,53.5,875,0.25,0.540,train
sock-00326,plain,teal,linen,ambiguous,large,55.4,898,0.54,0.600,train
sock-00327,dots,white,polyblend,left,xl,57.3,921,0.83,0.770,train
sock-00328,stripes,coral,bamboo,right,small,59.2,944,0.12,0.840,train
sock-00329,tiny-stars,lavender,wool,ambiguous,medium,61.1,967,0.41,0.650,train
sock-00330,ribbed,navy,cotton,left,large,63.0,990,0.70,0.750,train
sock-00331,heather,yellow,modal,right,xl,64.9,1013,0.99,0.600,train
sock-00332,chevron,black,linen,ambiguous,small,66.8,1036,0.28,0.630,train
sock-00333,argyle,green,polyblend,left,medium,68.7,1059,0.57,0.430,train
sock-00334,plain,burgundy,bamboo,right,large,70.6,1082,0.86,0.920,train
sock-00335,dots,charcoal,wool,ambiguous,xl,72.5,1105,0.15,0.660,train
sock-00336,stripes,teal,cotton,left,small,25.4,1128,0.44,0.670,train
sock-00337,tiny-stars,white,modal,right,medium,27.3,1151,0.73,0.540,train
sock-00338,ribbed,coral,linen,ambiguous,large,29.2,1174,0.02,0.550,train
sock-00339,heather,lavender,polyblend,left,xl,31.1,1197,0.31,0.490,train
sock-00340,chevron,navy,bamboo,right,small,33.0,1220,0.60,0.950,train
sock-00341,argyle,yellow,wool,ambiguous,medium,34.9,1243,0.89,0.620,train
sock-00342,plain,black,cotton,left,large,36.8,1266,0.18,0.840,train
sock-00343,dots,green,modal,right,xl,38.7,1289,0.47,0.620,train
sock-00344,stripes,burgundy,linen,ambiguous,small,40.6,1312,0.76,0.560,train
sock-00345,tiny-stars,charcoal,polyblend,left,medium,42.5,1335,0.05,0.500,train
sock-00346,ribbed,teal,bamboo,right,large,44.4,1358,0.34,0.870,train
sock-00347,heather,white,wool,ambiguous,xl,46.3,1381,0.63,0.610,train
sock-00348,chevron,coral,cotton,left,small,48.2,1404,0.92,0.690,train
sock-00349,argyle,lavender,modal,right,medium,50.1,1427,0.21,0.580,train
sock-00350,plain,navy,linen,ambiguous,large,52.0,1450,0.50,0.730,train
sock-00351,dots,yellow,polyblend,left,xl,53.9,1473,0.79,0.510,train
sock-00352,stripes,black,bamboo,right,small,55.8,1496,0.08,0.970,train
sock-00353,tiny-stars,green,wool,ambiguous,medium,57.7,619,0.37,0.690,train
sock-00354,ribbed,burgundy,cotton,left,large,59.6,642,0.66,0.700,train
sock-00355,heather,charcoal,modal,right,xl,61.5,665,0.95,0.640,train
sock-00356,chevron,teal,linen,ambiguous,small,63.4,688,0.24,0.580,train
sock-00357,argyle,white,polyblend,left,medium,65.3,711,0.53,0.400,train
sock-00358,plain,coral,bamboo,right,large,67.2,734,0.82,0.960,train
sock-00359,dots,lavender,wool,ambiguous,xl,69.1,757,0.11,0.700,train
sock-00360,stripes,navy,cotton,left,small,71.0,780,0.40,0.800,train
sock-00361,tiny-stars,yellow,modal,right,medium,72.9,803,0.69,0.650,train
sock-00362,ribbed,black,linen,ambiguous,large,25.8,826,0.98,0.680,train
sock-00363,heather,green,polyblend,left,xl,27.7,849,0.27,0.530,train
sock-00364,chevron,burgundy,bamboo,right,small,29.6,872,0.56,0.900,train
sock-00365,argyle,charcoal,wool,ambiguous,medium,31.5,895,0.85,0.660,train
sock-00366,plain,teal,cotton,left,large,33.4,918,0.14,0.790,train
sock-00367,dots,white,modal,right,xl,35.3,941,0.43,0.590,train
sock-00368,stripes,coral,linen,ambiguous,small,37.2,964,0.72,0.600,train
sock-00369,tiny-stars,lavender,polyblend,left,medium,39.1,987,0.01,0.540,train
sock-00370,ribbed,navy,bamboo,right,large,41.0,1010,0.30,0.630,train
sock-00371,heather,yellow,wool,ambiguous,xl,42.9,1033,0.59,0.720,train
sock-00372,chevron,black,cotton,left,small,44.8,1056,0.88,0.820,train
sock-00373,argyle,green,modal,right,medium,46.7,1079,0.17,0.620,train
sock-00374,plain,burgundy,linen,ambiguous,large,48.6,1102,0.46,0.680,train
sock-00375,dots,charcoal,polyblend,left,xl,50.5,1125,0.75,0.550,train
sock-00376,stripes,teal,bamboo,right,small,52.4,1148,0.04,0.550,train
sock-00377,tiny-stars,white,wool,ambiguous,medium,54.3,1171,0.33,0.660,train
sock-00378,ribbed,coral,cotton,left,large,56.2,1194,0.62,0.740,train
sock-00379,heather,lavender,modal,right,xl,58.1,1217,0.91,0.680,train
sock-00380,chevron,navy,linen,ambiguous,small,60.0,1240,0.20,0.710,train
sock-00381,argyle,yellow,polyblend,left,medium,61.9,1263,0.49,0.510,train
sock-00382,plain,black,bamboo,right,large,63.8,1286,0.78,0.720,train
sock-00383,dots,green,wool,ambiguous,xl,65.7,1309,0.07,0.740,train
sock-00384,stripes,burgundy,cotton,left,small,67.6,1332,0.36,0.750,train
sock-00385,tiny-stars,charcoal,modal,right,medium,69.5,1355,0.65,0.690,train
sock-00386,ribbed,teal,linen,ambiguous,large,71.4,1378,0.94,0.630,train
sock-00387,heather,white,polyblend,left,xl,24.3,1401,0.23,0.500,train
sock-00388,chevron,coral,bamboo,right,small,26.2,1424,0.52,0.570,train
sock-00389,argyle,lavender,wool,ambiguous,medium,28.1,1447,0.81,0.700,train
sock-00390,plain,navy,cotton,left,large,30.0,1470,0.10,0.920,train
sock-00391,dots,yellow,modal,right,xl,31.9,1493,0.39,0.700,train
sock-00392,stripes,black,linen,ambiguous,small,33.8,616,0.68,0.730,train
sock-00393,tiny-stars,green,polyblend,left,medium,35.7,639,0.97,0.580,train
sock-00394,ribbed,burgundy,bamboo,right,large,37.6,662,0.26,0.580,train
sock-00395,heather,charcoal,wool,ambiguous,xl,39.5,685,0.55,0.760,train
sock-00396,chevron,teal,cotton,left,small,41.4,708,0.84,0.770,train
sock-00397,argyle,white,modal,right,medium,43.3,731,0.13,0.590,train
sock-00398,plain,coral,linen,ambiguous,large,45.2,754,0.42,0.720,train
sock-00399,dots,lavender,polyblend,left,xl,47.1,777,0.71,0.590,train
sock-00400,stripes,navy,bamboo,right,small,49.0,800,0.00,0.680,train
sock-00401,tiny-stars,yellow,wool,ambiguous,medium,50.9,823,0.29,0.770,train
sock-00402,ribbed,black,cotton,left,large,52.8,846,0.58,0.870,train
sock-00403,heather,green,modal,right,xl,54.7,869,0.87,0.720,train
sock-00404,chevron,burgundy,linen,ambiguous,small,56.6,892,0.16,0.660,train
sock-00405,argyle,charcoal,polyblend,left,medium,58.5,915,0.45,0.550,train
sock-00406,plain,teal,bamboo,right,large,60.4,938,0.74,0.670,train
sock-00407,dots,white,wool,ambiguous,xl,62.3,961,0.03,0.340,train
sock-00408,stripes,coral,cotton,left,small,64.2,984,0.32,0.790,train
sock-00409,tiny-stars,lavender,modal,right,medium,66.1,1007,0.61,0.730,train
sock-00410,ribbed,navy,linen,ambiguous,large,68.0,1030,0.90,0.760,train
sock-00411,heather,yellow,polyblend,left,xl,69.9,1053,0.19,0.610,train
sock-00412,chevron,black,bamboo,right,small,71.8,1076,0.48,0.700,train
sock-00413,argyle,green,wool,ambiguous,medium,24.7,1099,0.77,0.370,train
sock-00414,plain,burgundy,cotton,left,large,26.6,1122,0.06,0.870,train
sock-00415,dots,charcoal,modal,right,xl,28.5,1145,0.35,0.740,train
sock-00416,stripes,teal,linen,ambiguous,small,30.4,1168,0.64,0.680,train
sock-00417,tiny-stars,white,polyblend,left,medium,32.3,1191,0.93,0.550,train
sock-00418,ribbed,coral,bamboo,right,large,34.2,1214,0.22,0.620,train
sock-00419,heather,lavender,wool,ambiguous,xl,36.1,1237,0.51,0.430,train
sock-00420,chevron,navy,cotton,left,small,38.0,1260,0.80,0.900,train
sock-00421,argyle,yellow,modal,right,medium,39.9,1283,0.09,0.700,train
sock-00422,plain,black,linen,ambiguous,large,41.8,1306,0.38,0.850,train
sock-00423,dots,green,polyblend,left,xl,43.7,1329,0.67,0.630,train
sock-00424,stripes,burgundy,bamboo,right,small,45.6,1352,0.96,0.630,train
sock-00425,tiny-stars,charcoal,wool,ambiguous,medium,47.5,1375,0.25,0.440,train
sock-00426,ribbed,teal,cotton,left,large,49.4,1398,0.54,0.820,train
sock-00427,heather,white,modal,right,xl,51.3,1421,0.83,0.690,train
sock-00428,chevron,coral,linen,ambiguous,small,53.2,1444,0.12,0.700,train
sock-00429,argyle,lavender,polyblend,left,medium,55.1,1467,0.41,0.590,train
sock-00430,plain,navy,bamboo,right,large,57.0,1490,0.70,0.800,train
sock-00431,dots,yellow,wool,ambiguous,xl,58.9,613,0.99,0.450,train
sock-00432,stripes,black,cotton,left,small,60.8,636,0.28,0.920,train
sock-00433,tiny-stars,green,modal,right,medium,62.7,659,0.57,0.770,train
sock-00434,ribbed,burgundy,linen,ambiguous,large,64.6,682,0.86,0.710,train
sock-00435,heather,charcoal,polyblend,left,xl,66.5,705,0.15,0.650,train
sock-00436,chevron,teal,bamboo,right,small,68.4,728,0.44,0.650,train
sock-00437,argyle,white,wool,ambiguous,medium,70.3,751,0.73,0.340,train
sock-00438,plain,coral,cotton,left,large,72.2,774,0.02,0.910,train
sock-00439,dots,lavender,modal,right,xl,25.1,797,0.31,0.780,train
sock-00440,stripes,navy,linen,ambiguous,small,27.0,820,0.60,0.810,train
sock-00441,tiny-stars,yellow,polyblend,left,medium,28.9,843,0.89,0.660,train
sock-00442,ribbed,black,bamboo,right,large,30.8,866,0.18,0.750,train
sock-00443,heather,green,wool,ambiguous,xl,32.7,889,0.47,0.470,train
sock-00444,chevron,burgundy,cotton,left,small,34.6,912,0.76,0.480,train
sock-00445,argyle,charcoal,modal,right,medium,36.5,935,0.05,0.740,train
sock-00446,plain,teal,linen,ambiguous,large,38.4,958,0.34,0.800,train
sock-00447,dots,white,polyblend,left,xl,40.3,981,0.63,0.600,train
sock-00448,stripes,coral,bamboo,right,small,42.2,1004,0.92,0.670,train
sock-00449,tiny-stars,lavender,wool,ambiguous,medium,44.1,1027,0.21,0.480,train
sock-00450,ribbed,navy,cotton,left,large,46.0,1050,0.50,0.580,train
sock-00451,heather,yellow,modal,right,xl,47.9,1073,0.79,0.800,train
sock-00452,chevron,black,linen,ambiguous,small,49.8,1096,0.08,0.830,train
sock-00453,argyle,green,polyblend,left,medium,51.7,1119,0.37,0.630,train
sock-00454,plain,burgundy,bamboo,right,large,53.6,1142,0.66,0.750,train
sock-00455,dots,charcoal,wool,ambiguous,xl,55.5,1165,0.95,0.490,train
sock-00456,stripes,teal,cotton,left,small,57.4,1188,0.24,0.500,train
sock-00457,tiny-stars,white,modal,right,medium,59.3,1211,0.53,0.740,train
sock-00458,ribbed,coral,linen,ambiguous,large,61.2,1234,0.82,0.750,train
sock-00459,heather,lavender,polyblend,left,xl,63.1,1257,0.11,0.690,train
sock-00460,chevron,navy,bamboo,right,small,65.0,1280,0.40,0.780,train
sock-00461,argyle,yellow,wool,ambiguous,medium,66.9,1303,0.69,0.450,train
sock-00462,plain,black,cotton,left,large,68.8,1326,0.98,0.670,train
sock-00463,dots,green,modal,right,xl,70.7,1349,0.27,0.820,train
sock-00464,stripes,burgundy,linen,ambiguous,small,72.6,1372,0.56,0.760,train
sock-00465,tiny-stars,charcoal,polyblend,left,medium,25.5,1395,0.85,0.700,train
sock-00466,ribbed,teal,bamboo,right,large,27.4,1418,0.14,0.700,train
sock-00467,heather,white,wool,ambiguous,xl,29.3,1441,0.43,0.440,train
sock-00468,chevron,coral,cotton,left,small,31.2,1464,0.72,0.520,train
sock-00469,argyle,lavender,modal,right,medium,33.1,1487,0.01,0.780,train
sock-00470,plain,navy,linen,ambiguous,large,35.0,610,0.30,0.930,train
sock-00471,dots,yellow,polyblend,left,xl,36.9,633,0.59,0.710,train
sock-00472,stripes,black,bamboo,right,small,38.8,656,0.88,0.800,train
sock-00473,tiny-stars,green,wool,ambiguous,medium,40.7,679,0.17,0.520,train
sock-00474,ribbed,burgundy,cotton,left,large,42.6,702,0.46,0.530,train
sock-00475,heather,charcoal,modal,right,xl,44.5,725,0.75,0.840,train
sock-00476,chevron,teal,linen,ambiguous,small,46.4,748,0.04,0.780,train
sock-00477,argyle,white,polyblend,left,medium,48.3,771,0.33,0.600,train
sock-00478,plain,coral,bamboo,right,large,50.2,794,0.62,0.790,train
sock-00479,dots,lavender,wool,ambiguous,xl,52.1,817,0.91,0.530,train
sock-00480,stripes,navy,cotton,left,small,54.0,840,0.20,0.630,train
sock-00481,tiny-stars,yellow,modal,right,medium,55.9,863,0.49,0.480,train
sock-00482,ribbed,black,linen,ambiguous,large,57.8,886,0.78,0.880,train
sock-00483,heather,green,polyblend,left,xl,59.7,909,0.07,0.730,train
sock-00484,chevron,burgundy,bamboo,right,small,61.6,932,0.36,0.730,train
sock-00485,argyle,charcoal,wool,ambiguous,medium,63.5,955,0.65,0.490,train
sock-00486,plain,teal,cotton,left,large,65.4,978,0.94,0.620,train
sock-00487,dots,white,modal,right,xl,67.3,1001,0.23,0.420,train
sock-00488,stripes,coral,linen,ambiguous,small,69.2,1024,0.52,0.800,train
sock-00489,tiny-stars,lavender,polyblend,left,medium,71.1,1047,0.81,0.740,train
sock-00490,ribbed,navy,bamboo,right,large,24.0,1070,0.10,0.830,train
sock-00491,heather,yellow,wool,ambiguous,xl,25.9,1093,0.39,0.550,train
sock-00492,chevron,black,cotton,left,small,27.8,1116,0.68,0.650,train
sock-00493,argyle,green,modal,right,medium,29.7,1139,0.97,0.450,train
sock-00494,plain,burgundy,linen,ambiguous,large,31.6,1162,0.26,0.880,train
sock-00495,dots,charcoal,polyblend,left,xl,33.5,1185,0.55,0.750,train
sock-00496,stripes,teal,bamboo,right,small,35.4,1208,0.84,0.750,train
sock-00497,tiny-stars,white,wool,ambiguous,medium,37.3,1231,0.13,0.490,train
sock-00498,ribbed,coral,cotton,left,large,39.2,1254,0.42,0.570,train
sock-00499,heather,lavender,modal,right,xl,41.1,1277,0.71,0.510,train
sock-00500,chevron,navy,linen,ambiguous,small,43.0,1300,0.00,0.910,train
sock-00501,argyle,yellow,polyblend,left,medium,44.9,1323,0.29,0.710,train
sock-00502,plain,black,bamboo,right,large,46.8,1346,0.58,0.920,train
sock-00503,dots,green,wool,ambiguous,xl,48.7,1369,0.87,0.570,train
sock-00504,stripes,burgundy,cotton,left,small,50.6,1392,0.16,0.580,train
sock-00505,tiny-stars,charcoal,modal,right,medium,52.5,1415,0.45,0.520,train
sock-00506,ribbed,teal,linen,ambiguous,large,54.4,1438,0.74,0.830,train
sock-00507,heather,white,polyblend,left,xl,56.3,1461,0.03,0.700,train
sock-00508,chevron,coral,bamboo,right,small,58.2,1484,0.32,0.770,train
sock-00509,argyle,lavender,wool,ambiguous,medium,60.1,607,0.61,0.530,train
sock-00510,plain,navy,cotton,left,large,62.0,630,0.90,0.750,train
sock-00511,dots,yellow,modal,right,xl,63.9,653,0.19,0.530,train
sock-00512,stripes,black,linen,ambiguous,small,65.8,676,0.48,0.930,train
sock-00513,tiny-stars,green,polyblend,left,medium,67.7,699,0.77,0.780,train
sock-00514,ribbed,burgundy,bamboo,right,large,69.6,722,0.06,0.780,train
sock-00515,heather,charcoal,wool,ambiguous,xl,71.5,745,0.35,0.590,train
sock-00516,chevron,teal,cotton,left,small,24.4,768,0.64,0.600,train
sock-00517,argyle,white,modal,right,medium,26.3,791,0.93,0.420,train
sock-00518,plain,coral,linen,ambiguous,large,28.2,814,0.22,0.550,train
sock-00519,dots,lavender,polyblend,left,xl,30.1,837,0.51,0.790,train
sock-00520,stripes,navy,bamboo,right,small,32.0,860,0.80,0.880,train
sock-00521,tiny-stars,yellow,wool,ambiguous,medium,33.9,883,0.09,0.600,train
sock-00522,ribbed,black,cotton,left,large,35.8,906,0.38,0.700,train
sock-00523,heather,green,modal,right,xl,37.7,929,0.67,0.550,train
sock-00524,chevron,burgundy,linen,ambiguous,small,39.6,952,0.96,0.490,train
sock-00525,argyle,charcoal,polyblend,left,medium,41.5,975,0.25,0.750,train
sock-00526,plain,teal,bamboo,right,large,43.4,998,0.54,0.870,train
sock-00527,dots,white,wool,ambiguous,xl,45.3,1021,0.83,0.540,train
sock-00528,stripes,coral,cotton,left,small,47.2,1044,0.12,0.620,train
sock-00529,tiny-stars,lavender,modal,right,medium,49.1,1067,0.41,0.560,train
sock-00530,ribbed,navy,linen,ambiguous,large,51.0,1090,0.70,0.590,train
sock-00531,heather,yellow,polyblend,left,xl,52.9,1113,0.99,0.810,train
sock-00532,chevron,black,bamboo,right,small,54.8,1136,0.28,0.900,train
sock-00533,argyle,green,wool,ambiguous,medium,56.7,1159,0.57,0.570,train
sock-00534,plain,burgundy,cotton,left,large,58.6,1182,0.86,0.700,train
sock-00535,dots,charcoal,modal,right,xl,60.5,1205,0.15,0.570,train
sock-00536,stripes,teal,linen,ambiguous,small,62.4,1228,0.44,0.510,train
sock-00537,tiny-stars,white,polyblend,left,medium,64.3,1251,0.73,0.750,train
sock-00538,ribbed,coral,bamboo,right,large,66.2,1274,0.02,0.820,train
sock-00539,heather,lavender,wool,ambiguous,xl,68.1,1297,0.31,0.630,train
sock-00540,chevron,navy,cotton,left,small,70.0,1320,0.60,0.730,train
sock-00541,argyle,yellow,modal,right,medium,71.9,1343,0.89,0.530,train
sock-00542,plain,black,linen,ambiguous,large,24.8,1366,0.18,0.680,train
sock-00543,dots,green,polyblend,left,xl,26.7,1389,0.47,0.830,train
sock-00544,stripes,burgundy,bamboo,right,small,28.6,1412,0.76,0.830,train
sock-00545,tiny-stars,charcoal,wool,ambiguous,medium,30.5,1435,0.05,0.640,train
sock-00546,ribbed,teal,cotton,left,large,32.4,1458,0.34,0.650,train
sock-00547,heather,white,modal,right,xl,34.3,1481,0.63,0.520,train
sock-00548,chevron,coral,linen,ambiguous,small,36.2,604,0.92,0.530,train
sock-00549,argyle,lavender,polyblend,left,medium,38.1,627,0.21,0.790,train
sock-00550,plain,navy,bamboo,right,large,40.0,650,0.50,0.990,train
sock-00551,dots,yellow,wool,ambiguous,xl,41.9,673,0.79,0.650,train
sock-00552,stripes,black,cotton,left,small,43.8,696,0.08,0.750,train
sock-00553,tiny-stars,green,modal,right,medium,45.7,719,0.37,0.600,train
sock-00554,ribbed,burgundy,linen,ambiguous,large,47.6,742,0.66,0.540,train
sock-00555,heather,charcoal,polyblend,left,xl,49.5,765,0.95,0.480,train
sock-00556,chevron,teal,bamboo,right,small,51.4,788,0.24,0.850,train
sock-00557,argyle,white,wool,ambiguous,medium,53.3,811,0.53,0.540,train
sock-00558,plain,coral,cotton,left,large,55.2,834,0.82,0.740,train
sock-00559,dots,lavender,modal,right,xl,57.1,857,0.11,0.610,train
sock-00560,stripes,navy,linen,ambiguous,small,59.0,880,0.40,0.640,train
sock-00561,tiny-stars,yellow,polyblend,left,medium,60.9,903,0.69,0.490,train
sock-00562,ribbed,black,bamboo,right,large,62.8,926,0.98,0.950,train
sock-00563,heather,green,wool,ambiguous,xl,64.7,949,0.27,0.670,train
sock-00564,chevron,burgundy,cotton,left,small,66.6,972,0.56,0.680,train
sock-00565,argyle,charcoal,modal,right,medium,68.5,995,0.85,0.570,train
sock-00566,plain,teal,linen,ambiguous,large,70.4,1018,0.14,0.630,train
sock-00567,dots,white,polyblend,left,xl,72.3,1041,0.43,0.430,train
sock-00568,stripes,coral,bamboo,right,small,25.2,1064,0.72,0.870,train
sock-00569,tiny-stars,lavender,wool,ambiguous,medium,27.1,1087,0.01,0.680,train
sock-00570,ribbed,navy,cotton,left,large,29.0,1110,0.30,0.780,train
sock-00571,heather,yellow,modal,right,xl,30.9,1133,0.59,0.630,train
sock-00572,chevron,black,linen,ambiguous,small,32.8,1156,0.88,0.660,train
sock-00573,argyle,green,polyblend,left,medium,34.7,1179,0.17,0.460,train
sock-00574,plain,burgundy,bamboo,right,large,36.6,1202,0.46,0.950,train
sock-00575,dots,charcoal,wool,ambiguous,xl,38.5,1225,0.75,0.690,train
sock-00576,stripes,teal,cotton,left,small,40.4,1248,0.04,0.700,train
sock-00577,tiny-stars,white,modal,right,medium,42.3,1271,0.33,0.570,train
sock-00578,ribbed,coral,linen,ambiguous,large,44.2,1294,0.62,0.580,train
sock-00579,heather,lavender,polyblend,left,xl,46.1,1317,0.91,0.520,train
sock-00580,chevron,navy,bamboo,right,small,48.0,1340,0.20,0.980,train
sock-00581,argyle,yellow,wool,ambiguous,medium,49.9,1363,0.49,0.650,train
sock-00582,plain,black,cotton,left,large,51.8,1386,0.78,0.870,train
sock-00583,dots,green,modal,right,xl,53.7,1409,0.07,0.650,train
sock-00584,stripes,burgundy,linen,ambiguous,small,55.6,1432,0.36,0.590,train
sock-00585,tiny-stars,charcoal,polyblend,left,medium,57.5,1455,0.65,0.530,train
sock-00586,ribbed,teal,bamboo,right,large,59.4,1478,0.94,0.900,train
sock-00587,heather,white,wool,ambiguous,xl,61.3,601,0.23,0.640,train
sock-00588,chevron,coral,cotton,left,small,63.2,624,0.52,0.720,train
sock-00589,argyle,lavender,modal,right,medium,65.1,647,0.81,0.610,train
sock-00590,plain,navy,linen,ambiguous,large,67.0,670,0.10,0.760,train
sock-00591,dots,yellow,polyblend,left,xl,68.9,693,0.39,0.540,train
sock-00592,stripes,black,bamboo,right,small,70.8,716,0.68,0.630,train
sock-00593,tiny-stars,green,wool,ambiguous,medium,72.7,739,0.97,0.720,train
sock-00594,ribbed,burgundy,cotton,left,large,25.6,762,0.26,0.730,train
sock-00595,heather,charcoal,modal,right,xl,27.5,785,0.55,0.670,train
sock-00596,chevron,teal,linen,ambiguous,small,29.4,808,0.84,0.610,train
sock-00597,argyle,white,polyblend,left,medium,31.3,831,0.13,0.430,train
sock-00598,plain,coral,bamboo,right,large,33.2,854,0.42,0.620,train
sock-00599,dots,lavender,wool,ambiguous,xl,35.1,877,0.71,0.730,train
sock-00600,stripes,navy,cotton,left,small,37.0,900,0.00,0.830,train
sock-00601,tiny-stars,yellow,modal,right,medium,38.9,923,0.29,0.680,train
sock-00602,ribbed,black,linen,ambiguous,large,40.8,946,0.58,0.710,train
sock-00603,heather,green,polyblend,left,xl,42.7,969,0.87,0.560,train
sock-00604,chevron,burgundy,bamboo,right,small,44.6,992,0.16,0.560,train
sock-00605,argyle,charcoal,wool,ambiguous,medium,46.5,1015,0.45,0.690,train
sock-00606,plain,teal,cotton,left,large,48.4,1038,0.74,0.820,train
sock-00607,dots,white,modal,right,xl,50.3,1061,0.03,0.620,train
sock-00608,stripes,coral,linen,ambiguous,small,52.2,1084,0.32,0.630,train
sock-00609,tiny-stars,lavender,polyblend,left,medium,54.1,1107,0.61,0.570,train
sock-00610,ribbed,navy,bamboo,right,large,56.0,1130,0.90,0.660,train
sock-00611,heather,yellow,wool,ambiguous,xl,57.9,1153,0.19,0.750,train
sock-00612,chevron,black,cotton,left,small,59.8,1176,0.48,0.850,train
sock-00613,argyle,green,modal,right,medium,61.7,1199,0.77,0.650,train
sock-00614,plain,burgundy,linen,ambiguous,large,63.6,1222,0.06,0.710,train
sock-00615,dots,charcoal,polyblend,left,xl,65.5,1245,0.35,0.580,train
sock-00616,stripes,teal,bamboo,right,small,67.4,1268,0.64,0.580,train
sock-00617,tiny-stars,white,wool,ambiguous,medium,69.3,1291,0.93,0.690,train
sock-00618,ribbed,coral,cotton,left,large,71.2,1314,0.22,0.770,train
sock-00619,heather,lavender,modal,right,xl,24.1,1337,0.51,0.710,train
sock-00620,chevron,navy,linen,ambiguous,small,26.0,1360,0.80,0.740,train
sock-00621,argyle,yellow,polyblend,left,medium,27.9,1383,0.09,0.540,train
sock-00622,plain,black,bamboo,right,large,29.8,1406,0.38,0.750,train
sock-00623,dots,green,wool,ambiguous,xl,31.7,1429,0.67,0.770,train
sock-00624,stripes,burgundy,cotton,left,small,33.6,1452,0.96,0.780,train
sock-00625,tiny-stars,charcoal,modal,right,medium,35.5,1475,0.25,0.720,train
sock-00626,ribbed,teal,linen,ambiguous,large,37.4,1498,0.54,0.660,train
sock-00627,heather,white,polyblend,left,xl,39.3,621,0.83,0.530,train
sock-00628,chevron,coral,bamboo,right,small,41.2,644,0.12,0.600,train
sock-00629,argyle,lavender,wool,ambiguous,medium,43.1,667,0.41,0.360,train
sock-00630,plain,navy,cotton,left,large,45.0,690,0.70,0.950,train
sock-00631,dots,yellow,modal,right,xl,46.9,713,0.99,0.730,train
sock-00632,stripes,black,linen,ambiguous,small,48.8,736,0.28,0.760,train
sock-00633,tiny-stars,green,polyblend,left,medium,50.7,759,0.57,0.610,train
sock-00634,ribbed,burgundy,bamboo,right,large,52.6,782,0.86,0.610,train
sock-00635,heather,charcoal,wool,ambiguous,xl,54.5,805,0.15,0.420,train
sock-00636,chevron,teal,cotton,left,small,56.4,828,0.44,0.800,train
sock-00637,argyle,white,modal,right,medium,58.3,851,0.73,0.620,train
sock-00638,plain,coral,linen,ambiguous,large,60.2,874,0.02,0.750,train
sock-00639,dots,lavender,polyblend,left,xl,62.1,897,0.31,0.620,train
sock-00640,stripes,navy,bamboo,right,small,64.0,920,0.60,0.710,train
sock-00641,tiny-stars,yellow,wool,ambiguous,medium,65.9,943,0.89,0.430,train
sock-00642,ribbed,black,cotton,left,large,67.8,966,0.18,0.900,train
sock-00643,heather,green,modal,right,xl,69.7,989,0.47,0.750,train
sock-00644,chevron,burgundy,linen,ambiguous,small,71.6,1012,0.76,0.690,train
sock-00645,argyle,charcoal,polyblend,left,medium,24.5,1035,0.05,0.580,train
sock-00646,plain,teal,bamboo,right,large,26.4,1058,0.34,0.700,train
sock-00647,dots,white,wool,ambiguous,xl,28.3,1081,0.63,0.370,train
sock-00648,stripes,coral,cotton,left,small,30.2,1104,0.92,0.820,train
sock-00649,tiny-stars,lavender,modal,right,medium,32.1,1127,0.21,0.760,train
sock-00650,ribbed,navy,linen,ambiguous,large,34.0,1150,0.50,0.790,train
sock-00651,heather,yellow,polyblend,left,xl,35.9,1173,0.79,0.640,train
sock-00652,chevron,black,bamboo,right,small,37.8,1196,0.08,0.730,train
sock-00653,argyle,green,wool,ambiguous,medium,39.7,1219,0.37,0.400,train
sock-00654,plain,burgundy,cotton,left,large,41.6,1242,0.66,0.900,train
sock-00655,dots,charcoal,modal,right,xl,43.5,1265,0.95,0.770,train
sock-00656,stripes,teal,linen,ambiguous,small,45.4,1288,0.24,0.710,train
sock-00657,tiny-stars,white,polyblend,left,medium,47.3,1311,0.53,0.580,train
sock-00658,ribbed,coral,bamboo,right,large,49.2,1334,0.82,0.650,train
sock-00659,heather,lavender,wool,ambiguous,xl,51.1,1357,0.11,0.460,train
sock-00660,chevron,navy,cotton,left,small,53.0,1380,0.40,0.930,train
sock-00661,argyle,yellow,modal,right,medium,54.9,1403,0.69,0.730,train
sock-00662,plain,black,linen,ambiguous,large,56.8,1426,0.98,0.880,train
sock-00663,dots,green,polyblend,left,xl,58.7,1449,0.27,0.660,train
sock-00664,stripes,burgundy,bamboo,right,small,60.6,1472,0.56,0.660,train
sock-00665,tiny-stars,charcoal,wool,ambiguous,medium,62.5,1495,0.85,0.470,train
sock-00666,ribbed,teal,cotton,left,large,64.4,618,0.14,0.480,train
sock-00667,heather,white,modal,right,xl,66.3,641,0.43,0.720,train
sock-00668,chevron,coral,linen,ambiguous,small,68.2,664,0.72,0.730,train
sock-00669,argyle,lavender,polyblend,left,medium,70.1,687,0.01,0.620,train
sock-00670,plain,navy,bamboo,right,large,72.0,710,0.30,0.830,train
sock-00671,dots,yellow,wool,ambiguous,xl,24.9,733,0.59,0.480,train
sock-00672,stripes,black,cotton,left,small,26.8,756,0.88,0.580,train
sock-00673,tiny-stars,green,modal,right,medium,28.7,779,0.17,0.800,train
sock-00674,ribbed,burgundy,linen,ambiguous,large,30.6,802,0.46,0.740,train
sock-00675,heather,charcoal,polyblend,left,xl,32.5,825,0.75,0.680,train
sock-00676,chevron,teal,bamboo,right,small,34.4,848,0.04,0.680,train
sock-00677,argyle,white,wool,ambiguous,medium,36.3,871,0.33,0.370,train
sock-00678,plain,coral,cotton,left,large,38.2,894,0.62,0.570,train
sock-00679,dots,lavender,modal,right,xl,40.1,917,0.91,0.810,train
sock-00680,stripes,navy,linen,ambiguous,small,42.0,940,0.20,0.840,train
sock-00681,tiny-stars,yellow,polyblend,left,medium,43.9,963,0.49,0.690,train
sock-00682,ribbed,black,bamboo,right,large,45.8,986,0.78,0.780,train
sock-00683,heather,green,wool,ambiguous,xl,47.7,1009,0.07,0.500,train
sock-00684,chevron,burgundy,cotton,left,small,49.6,1032,0.36,0.510,train
sock-00685,argyle,charcoal,modal,right,medium,51.5,1055,0.65,0.770,train
sock-00686,plain,teal,linen,ambiguous,large,53.4,1078,0.94,0.830,train
sock-00687,dots,white,polyblend,left,xl,55.3,1101,0.23,0.630,train
sock-00688,stripes,coral,bamboo,right,small,57.2,1124,0.52,0.700,train
sock-00689,tiny-stars,lavender,wool,ambiguous,medium,59.1,1147,0.81,0.510,train
sock-00690,ribbed,navy,cotton,left,large,61.0,1170,0.10,0.610,train
sock-00691,heather,yellow,modal,right,xl,62.9,1193,0.39,0.830,train
sock-00692,chevron,black,linen,ambiguous,small,64.8,1216,0.68,0.860,train
sock-00693,argyle,green,polyblend,left,medium,66.7,1239,0.97,0.660,train
sock-00694,plain,burgundy,bamboo,right,large,68.6,1262,0.26,0.780,train
sock-00695,dots,charcoal,wool,ambiguous,xl,70.5,1285,0.55,0.520,train
sock-00696,stripes,teal,cotton,left,small,72.4,1308,0.84,0.530,train
sock-00697,tiny-stars,white,modal,right,medium,25.3,1331,0.13,0.770,train
sock-00698,ribbed,coral,linen,ambiguous,large,27.2,1354,0.42,0.780,train
sock-00699,heather,lavender,polyblend,left,xl,29.1,1377,0.71,0.720,train
sock-00700,chevron,navy,bamboo,right,small,31.0,1400,0.00,0.810,train
sock-00701,argyle,yellow,wool,ambiguous,medium,32.9,1423,0.29,0.480,train
sock-00702,plain,black,cotton,left,large,34.8,1446,0.58,0.700,train
sock-00703,dots,green,modal,right,xl,36.7,1469,0.87,0.480,train
sock-00704,stripes,burgundy,linen,ambiguous,small,38.6,1492,0.16,0.790,train
sock-00705,tiny-stars,charcoal,polyblend,left,medium,40.5,615,0.45,0.730,train
sock-00706,ribbed,teal,bamboo,right,large,42.4,638,0.74,0.730,train
sock-00707,heather,white,wool,ambiguous,xl,44.3,661,0.03,0.470,train
sock-00708,chevron,coral,cotton,left,small,46.2,684,0.32,0.550,train
sock-00709,argyle,lavender,modal,right,medium,48.1,707,0.61,0.440,train
sock-00710,plain,navy,linen,ambiguous,large,50.0,730,0.90,0.960,train
sock-00711,dots,yellow,polyblend,left,xl,51.9,753,0.19,0.740,train
sock-00712,stripes,black,bamboo,right,small,53.8,776,0.48,0.830,train
sock-00713,tiny-stars,green,wool,ambiguous,medium,55.7,799,0.77,0.550,train
sock-00714,ribbed,burgundy,cotton,left,large,57.6,822,0.06,0.560,train
sock-00715,heather,charcoal,modal,right,xl,59.5,845,0.35,0.500,train
sock-00716,chevron,teal,linen,ambiguous,small,61.4,868,0.64,0.810,train
sock-00717,argyle,white,polyblend,left,medium,63.3,891,0.93,0.630,train
sock-00718,plain,coral,bamboo,right,large,65.2,914,0.22,0.820,train
sock-00719,dots,lavender,wool,ambiguous,xl,67.1,937,0.51,0.560,train
sock-00720,stripes,navy,cotton,left,small,69.0,960,0.80,0.660,train
sock-00721,tiny-stars,yellow,modal,right,medium,70.9,983,0.09,0.510,train
sock-00722,ribbed,black,linen,ambiguous,large,72.8,1006,0.38,0.910,train
sock-00723,heather,green,polyblend,left,xl,25.7,1029,0.67,0.760,train
sock-00724,chevron,burgundy,bamboo,right,small,27.6,1052,0.96,0.760,train
sock-00725,argyle,charcoal,wool,ambiguous,medium,29.5,1075,0.25,0.520,train
sock-00726,plain,teal,cotton,left,large,31.4,1098,0.54,0.650,train
sock-00727,dots,white,modal,right,xl,33.3,1121,0.83,0.450,train
sock-00728,stripes,coral,linen,ambiguous,small,35.2,1144,0.12,0.830,train
sock-00729,tiny-stars,lavender,polyblend,left,medium,37.1,1167,0.41,0.770,train
sock-00730,ribbed,navy,bamboo,right,large,39.0,1190,0.70,0.860,train
sock-00731,heather,yellow,wool,ambiguous,xl,40.9,1213,0.99,0.580,train
sock-00732,chevron,black,cotton,left,small,42.8,1236,0.28,0.680,train
sock-00733,argyle,green,modal,right,medium,44.7,1259,0.57,0.480,train
sock-00734,plain,burgundy,linen,ambiguous,large,46.6,1282,0.86,0.910,train
sock-00735,dots,charcoal,polyblend,left,xl,48.5,1305,0.15,0.780,train
sock-00736,stripes,teal,bamboo,right,small,50.4,1328,0.44,0.780,train
sock-00737,tiny-stars,white,wool,ambiguous,medium,52.3,1351,0.73,0.520,train
sock-00738,ribbed,coral,cotton,left,large,54.2,1374,0.02,0.600,train
sock-00739,heather,lavender,modal,right,xl,56.1,1397,0.31,0.540,train
sock-00740,chevron,navy,linen,ambiguous,small,58.0,1420,0.60,0.570,train
sock-00741,argyle,yellow,polyblend,left,medium,59.9,1443,0.89,0.740,train
sock-00742,plain,black,bamboo,right,large,61.8,1466,0.18,0.950,train
sock-00743,dots,green,wool,ambiguous,xl,63.7,1489,0.47,0.600,train
sock-00744,stripes,burgundy,cotton,left,small,65.6,612,0.76,0.610,train
sock-00745,tiny-stars,charcoal,modal,right,medium,67.5,635,0.05,0.550,train
sock-00746,ribbed,teal,linen,ambiguous,large,69.4,658,0.34,0.490,train
sock-00747,heather,white,polyblend,left,xl,71.3,681,0.63,0.730,train
sock-00748,chevron,coral,bamboo,right,small,24.2,704,0.92,0.800,train
sock-00749,argyle,lavender,wool,ambiguous,medium,26.1,727,0.21,0.560,train
sock-00750,plain,navy,cotton,left,large,28.0,750,0.50,0.780,train
sock-00751,dots,yellow,modal,right,xl,29.9,773,0.79,0.560,train
sock-00752,stripes,black,linen,ambiguous,small,31.8,796,0.08,0.590,train
sock-00753,tiny-stars,green,polyblend,left,medium,33.7,819,0.37,0.810,train
sock-00754,ribbed,burgundy,bamboo,right,large,35.6,842,0.66,0.810,train
sock-00755,heather,charcoal,wool,ambiguous,xl,37.5,865,0.95,0.620,train
sock-00756,chevron,teal,cotton,left,small,39.4,888,0.24,0.630,train
sock-00757,argyle,white,modal,right,medium,41.3,911,0.53,0.450,train
sock-00758,plain,coral,linen,ambiguous,large,43.2,934,0.82,0.580,train
sock-00759,dots,lavender,polyblend,left,xl,45.1,957,0.11,0.820,train
sock-00760,stripes,navy,bamboo,right,small,47.0,980,0.40,0.910,train
sock-00761,tiny-stars,yellow,wool,ambiguous,medium,48.9,1003,0.69,0.630,train
sock-00762,ribbed,black,cotton,left,large,50.8,1026,0.98,0.730,train
sock-00763,heather,green,modal,right,xl,52.7,1049,0.27,0.580,train
sock-00764,chevron,burgundy,linen,ambiguous,small,54.6,1072,0.56,0.520,train
sock-00765,argyle,charcoal,polyblend,left,medium,56.5,1095,0.85,0.780,train
sock-00766,plain,teal,bamboo,right,large,58.4,1118,0.14,0.900,train
sock-00767,dots,white,wool,ambiguous,xl,60.3,1141,0.43,0.570,train
sock-00768,stripes,coral,cotton,left,small,62.2,1164,0.72,0.650,train
sock-00769,tiny-stars,lavender,modal,right,medium,64.1,1187,0.01,0.590,train
sock-00770,ribbed,navy,linen,ambiguous,large,66.0,1210,0.30,0.620,train
sock-00771,heather,yellow,polyblend,left,xl,67.9,1233,0.59,0.840,train
sock-00772,chevron,black,bamboo,right,small,69.8,1256,0.88,0.930,train
sock-00773,argyle,green,wool,ambiguous,medium,71.7,1279,0.17,0.600,train
sock-00774,plain,burgundy,cotton,left,large,24.6,1302,0.46,0.730,train
sock-00775,dots,charcoal,modal,right,xl,26.5,1325,0.75,0.600,train
sock-00776,stripes,teal,linen,ambiguous,small,28.4,1348,0.04,0.540,train
sock-00777,tiny-stars,white,polyblend,left,medium,30.3,1371,0.33,0.410,train
sock-00778,ribbed,coral,bamboo,right,large,32.2,1394,0.62,0.850,train
sock-00779,heather,lavender,wool,ambiguous,xl,34.1,1417,0.91,0.660,train
sock-00780,chevron,navy,cotton,left,small,36.0,1440,0.20,0.760,train
sock-00781,argyle,yellow,modal,right,medium,37.9,1463,0.49,0.560,train
sock-00782,plain,black,linen,ambiguous,large,39.8,1486,0.78,0.710,train
sock-00783,dots,green,polyblend,left,xl,41.7,609,0.07,0.490,train
sock-00784,stripes,burgundy,bamboo,right,small,43.6,632,0.36,0.860,train
sock-00785,tiny-stars,charcoal,wool,ambiguous,medium,45.5,655,0.65,0.670,train
sock-00786,ribbed,teal,cotton,left,large,47.4,678,0.94,0.680,train
sock-00787,heather,white,modal,right,xl,49.3,701,0.23,0.550,train
sock-00788,chevron,coral,linen,ambiguous,small,51.2,724,0.52,0.560,train
sock-00789,argyle,lavender,polyblend,left,medium,53.1,747,0.81,0.450,train
sock-00790,plain,navy,bamboo,right,large,55.0,770,0.10,0.990,train
sock-00791,dots,yellow,wool,ambiguous,xl,56.9,793,0.39,0.680,train
sock-00792,stripes,black,cotton,left,small,58.8,816,0.68,0.780,train
sock-00793,tiny-stars,green,modal,right,medium,60.7,839,0.97,0.630,train
sock-00794,ribbed,burgundy,linen,ambiguous,large,62.6,862,0.26,0.570,train
sock-00795,heather,charcoal,polyblend,left,xl,64.5,885,0.55,0.510,train
sock-00796,chevron,teal,bamboo,right,small,66.4,908,0.84,0.880,train
sock-00797,argyle,white,wool,ambiguous,medium,68.3,931,0.13,0.570,train
sock-00798,plain,coral,cotton,left,large,70.2,954,0.42,0.770,train
sock-00799,dots,lavender,modal,right,xl,72.1,977,0.71,0.640,train
sock-00800,stripes,navy,linen,ambiguous,small,25.0,1000,0.00,0.670,train
sock-00801,tiny-stars,yellow,polyblend,left,medium,26.9,1023,0.29,0.520,train
sock-00802,ribbed,black,bamboo,right,large,28.8,1046,0.58,0.980,train
sock-00803,heather,green,wool,ambiguous,xl,30.7,1069,0.87,0.700,train
sock-00804,chevron,burgundy,cotton,left,small,32.6,1092,0.16,0.710,train
sock-00805,argyle,charcoal,modal,right,medium,34.5,1115,0.45,0.600,train
sock-00806,plain,teal,linen,ambiguous,large,36.4,1138,0.74,0.660,train
sock-00807,dots,white,polyblend,left,xl,38.3,1161,0.03,0.460,train
sock-00808,stripes,coral,bamboo,right,small,40.2,1184,0.32,0.900,train
sock-00809,tiny-stars,lavender,wool,ambiguous,medium,42.1,1207,0.61,0.710,train
sock-00810,ribbed,navy,cotton,left,large,44.0,1230,0.90,0.810,train
sock-00811,heather,yellow,modal,right,xl,45.9,1253,0.19,0.660,train
sock-00812,chevron,black,linen,ambiguous,small,47.8,1276,0.48,0.690,train
sock-00813,argyle,green,polyblend,left,medium,49.7,1299,0.77,0.490,train
sock-00814,plain,burgundy,bamboo,right,large,51.6,1322,0.06,0.610,train
sock-00815,dots,charcoal,wool,ambiguous,xl,53.5,1345,0.35,0.720,train
sock-00816,stripes,teal,cotton,left,small,55.4,1368,0.64,0.730,train
sock-00817,tiny-stars,white,modal,right,medium,57.3,1391,0.93,0.600,train
sock-00818,ribbed,coral,linen,ambiguous,large,59.2,1414,0.22,0.610,train
sock-00819,heather,lavender,polyblend,left,xl,61.1,1437,0.51,0.550,train
sock-00820,chevron,navy,bamboo,right,small,63.0,1460,0.80,0.640,train
sock-00821,argyle,yellow,wool,ambiguous,medium,64.9,1483,0.09,0.680,train
sock-00822,plain,black,cotton,left,large,66.8,606,0.38,0.900,train
sock-00823,dots,green,modal,right,xl,68.7,629,0.67,0.680,train
sock-00824,stripes,burgundy,linen,ambiguous,small,70.6,652,0.96,0.620,train
sock-00825,tiny-stars,charcoal,polyblend,left,medium,72.5,675,0.25,0.560,train
sock-00826,ribbed,teal,bamboo,right,large,25.4,698,0.54,0.560,train
sock-00827,heather,white,wool,ambiguous,xl,27.3,721,0.83,0.670,train
sock-00828,chevron,coral,cotton,left,small,29.2,744,0.12,0.750,train
sock-00829,argyle,lavender,modal,right,medium,31.1,767,0.41,0.640,train
sock-00830,plain,navy,linen,ambiguous,large,33.0,790,0.70,0.790,train
sock-00831,dots,yellow,polyblend,left,xl,34.9,813,0.99,0.570,train
sock-00832,stripes,black,bamboo,right,small,36.8,836,0.28,0.660,train
sock-00833,tiny-stars,green,wool,ambiguous,medium,38.7,859,0.57,0.750,train
sock-00834,ribbed,burgundy,cotton,left,large,40.6,882,0.86,0.760,train
sock-00835,heather,charcoal,modal,right,xl,42.5,905,0.15,0.700,train
sock-00836,chevron,teal,linen,ambiguous,small,44.4,928,0.44,0.640,train
sock-00837,argyle,white,polyblend,left,medium,46.3,951,0.73,0.460,train
sock-00838,plain,coral,bamboo,right,large,48.2,974,0.02,0.650,train
sock-00839,dots,lavender,wool,ambiguous,xl,50.1,997,0.31,0.760,train
sock-00840,stripes,navy,cotton,left,small,52.0,1020,0.60,0.860,train
sock-00841,tiny-stars,yellow,modal,right,medium,53.9,1043,0.89,0.710,train
sock-00842,ribbed,black,linen,ambiguous,large,55.8,1066,0.18,0.740,train
sock-00843,heather,green,polyblend,left,xl,57.7,1089,0.47,0.590,train
sock-00844,chevron,burgundy,bamboo,right,small,59.6,1112,0.76,0.590,train
sock-00845,argyle,charcoal,wool,ambiguous,medium,61.5,1135,0.05,0.720,train
sock-00846,plain,teal,cotton,left,large,63.4,1158,0.34,0.850,train
sock-00847,dots,white,modal,right,xl,65.3,1181,0.63,0.650,train
sock-00848,stripes,coral,linen,ambiguous,small,67.2,1204,0.92,0.660,train
sock-00849,tiny-stars,lavender,polyblend,left,medium,69.1,1227,0.21,0.600,train
sock-00850,ribbed,navy,bamboo,right,large,71.0,1250,0.50,0.690,train
sock-00851,heather,yellow,wool,ambiguous,xl,72.9,1273,0.79,0.410,train
sock-00852,chevron,black,cotton,left,small,25.8,1296,0.08,0.880,train
sock-00853,argyle,green,modal,right,medium,27.7,1319,0.37,0.680,train
sock-00854,plain,burgundy,linen,ambiguous,large,29.6,1342,0.66,0.740,train
sock-00855,dots,charcoal,polyblend,left,xl,31.5,1365,0.95,0.610,train
sock-00856,stripes,teal,bamboo,right,small,33.4,1388,0.24,0.610,train
sock-00857,tiny-stars,white,wool,ambiguous,medium,35.3,1411,0.53,0.350,train
sock-00858,ribbed,coral,cotton,left,large,37.2,1434,0.82,0.800,train
sock-00859,heather,lavender,modal,right,xl,39.1,1457,0.11,0.740,train
sock-00860,chevron,navy,linen,ambiguous,small,41.0,1480,0.40,0.770,train
sock-00861,argyle,yellow,polyblend,left,medium,42.9,603,0.69,0.570,train
sock-00862,plain,black,bamboo,right,large,44.8,626,0.98,0.780,train
sock-00863,dots,green,wool,ambiguous,xl,46.7,649,0.27,0.430,train
sock-00864,stripes,burgundy,cotton,left,small,48.6,672,0.56,0.810,train
sock-00865,tiny-stars,charcoal,modal,right,medium,50.5,695,0.85,0.750,train
sock-00866,ribbed,teal,linen,ambiguous,large,52.4,718,0.14,0.690,train
sock-00867,heather,white,polyblend,left,xl,54.3,741,0.43,0.560,train
sock-00868,chevron,coral,bamboo,right,small,56.2,764,0.72,0.630,train
sock-00869,argyle,lavender,wool,ambiguous,medium,58.1,787,0.01,0.390,train
sock-00870,plain,navy,cotton,left,large,60.0,810,0.30,0.980,train
sock-00871,dots,yellow,modal,right,xl,61.9,833,0.59,0.760,train
sock-00872,stripes,black,linen,ambiguous,small,63.8,856,0.88,0.790,train
sock-00873,tiny-stars,green,polyblend,left,medium,65.7,879,0.17,0.640,train
sock-00874,ribbed,burgundy,bamboo,right,large,67.6,902,0.46,0.640,train
sock-00875,heather,charcoal,wool,ambiguous,xl,69.5,925,0.75,0.450,train
sock-00876,chevron,teal,cotton,left,small,71.4,948,0.04,0.830,train
sock-00877,argyle,white,modal,right,medium,24.3,971,0.33,0.650,train
sock-00878,plain,coral,linen,ambiguous,large,26.2,994,0.62,0.780,train
sock-00879,dots,lavender,polyblend,left,xl,28.1,1017,0.91,0.650,train
sock-00880,stripes,navy,bamboo,right,small,30.0,1040,0.20,0.740,train
sock-00881,tiny-stars,yellow,wool,ambiguous,medium,31.9,1063,0.49,0.460,train
sock-00882,ribbed,black,cotton,left,large,33.8,1086,0.78,0.930,train
sock-00883,heather,green,modal,right,xl,35.7,1109,0.07,0.780,train
sock-00884,chevron,burgundy,linen,ambiguous,small,37.6,1132,0.36,0.720,train
sock-00885,argyle,charcoal,polyblend,left,medium,39.5,1155,0.65,0.610,train
sock-00886,plain,teal,bamboo,right,large,41.4,1178,0.94,0.730,train
sock-00887,dots,white,wool,ambiguous,xl,43.3,1201,0.23,0.400,train
sock-00888,stripes,coral,cotton,left,small,45.2,1224,0.52,0.480,train
sock-00889,tiny-stars,lavender,modal,right,medium,47.1,1247,0.81,0.790,train
sock-00890,ribbed,navy,linen,ambiguous,large,49.0,1270,0.10,0.820,train
sock-00891,heather,yellow,polyblend,left,xl,50.9,1293,0.39,0.670,train
sock-00892,chevron,black,bamboo,right,small,52.8,1316,0.68,0.760,train
sock-00893,argyle,green,wool,ambiguous,medium,54.7,1339,0.97,0.430,train
sock-00894,plain,burgundy,cotton,left,large,56.6,1362,0.26,0.560,train
sock-00895,dots,charcoal,modal,right,xl,58.5,1385,0.55,0.800,train
sock-00896,stripes,teal,linen,ambiguous,small,60.4,1408,0.84,0.740,train
sock-00897,tiny-stars,white,polyblend,left,medium,62.3,1431,0.13,0.610,train
sock-00898,ribbed,coral,bamboo,right,large,64.2,1454,0.42,0.680,train
sock-00899,heather,lavender,wool,ambiguous,xl,66.1,1477,0.71,0.490,train
sock-00900,chevron,navy,cotton,left,small,68.0,600,0.00,0.590,train
sock-00901,argyle,yellow,modal,right,medium,69.9,623,0.29,0.760,train
sock-00902,plain,black,linen,ambiguous,large,71.8,646,0.58,0.910,train
sock-00903,dots,green,polyblend,left,xl,24.7,669,0.87,0.690,train
sock-00904,stripes,burgundy,bamboo,right,small,26.6,692,0.16,0.690,train
sock-00905,tiny-stars,charcoal,wool,ambiguous,medium,28.5,715,0.45,0.500,train
sock-00906,ribbed,teal,cotton,left,large,30.4,738,0.74,0.510,train
sock-00907,heather,white,modal,right,xl,32.3,761,0.03,0.750,train
sock-00908,chevron,coral,linen,ambiguous,small,34.2,784,0.32,0.760,train
sock-00909,argyle,lavender,polyblend,left,medium,36.1,807,0.61,0.650,train
sock-00910,plain,navy,bamboo,right,large,38.0,830,0.90,0.860,train
sock-00911,dots,yellow,wool,ambiguous,xl,39.9,853,0.19,0.510,train
sock-00912,stripes,black,cotton,left,small,41.8,876,0.48,0.610,train
sock-00913,tiny-stars,green,modal,right,medium,43.7,899,0.77,0.830,train
sock-00914,ribbed,burgundy,linen,ambiguous,large,45.6,922,0.06,0.770,train
sock-00915,heather,charcoal,polyblend,left,xl,47.5,945,0.35,0.710,train
sock-00916,chevron,teal,bamboo,right,small,49.4,968,0.64,0.710,train
sock-00917,argyle,white,wool,ambiguous,medium,51.3,991,0.93,0.400,train
sock-00918,plain,coral,cotton,left,large,53.2,1014,0.22,0.600,train
sock-00919,dots,lavender,modal,right,xl,55.1,1037,0.51,0.840,train
sock-00920,stripes,navy,linen,ambiguous,small,57.0,1060,0.80,0.870,train
sock-00921,tiny-stars,yellow,polyblend,left,medium,58.9,1083,0.09,0.720,train
sock-00922,ribbed,black,bamboo,right,large,60.8,1106,0.38,0.810,train
sock-00923,heather,green,wool,ambiguous,xl,62.7,1129,0.67,0.530,train
sock-00924,chevron,burgundy,cotton,left,small,64.6,1152,0.96,0.540,train
sock-00925,argyle,charcoal,modal,right,medium,66.5,1175,0.25,0.430,train
sock-00926,plain,teal,linen,ambiguous,large,68.4,1198,0.54,0.860,train
sock-00927,dots,white,polyblend,left,xl,70.3,1221,0.83,0.660,train
sock-00928,stripes,coral,bamboo,right,small,72.2,1244,0.12,0.730,train
sock-00929,tiny-stars,lavender,wool,ambiguous,medium,25.1,1267,0.41,0.540,train
sock-00930,ribbed,navy,cotton,left,large,27.0,1290,0.70,0.640,train
sock-00931,heather,yellow,modal,right,xl,28.9,1313,0.99,0.490,train
sock-00932,chevron,black,linen,ambiguous,small,30.8,1336,0.28,0.890,train
sock-00933,argyle,green,polyblend,left,medium,32.7,1359,0.57,0.690,train
sock-00934,plain,burgundy,bamboo,right,large,34.6,1382,0.86,0.810,train
sock-00935,dots,charcoal,wool,ambiguous,xl,36.5,1405,0.15,0.550,train
sock-00936,stripes,teal,cotton,left,small,38.4,1428,0.44,0.560,train
sock-00937,tiny-stars,white,modal,right,medium,40.3,1451,0.73,0.430,train
sock-00938,ribbed,coral,linen,ambiguous,large,42.2,1474,0.02,0.810,train
sock-00939,heather,lavender,polyblend,left,xl,44.1,1497,0.31,0.750,train
sock-00940,chevron,navy,bamboo,right,small,46.0,620,0.60,0.840,train
sock-00941,argyle,yellow,wool,ambiguous,medium,47.9,643,0.89,0.510,train
sock-00942,plain,black,cotton,left,large,49.8,666,0.18,0.730,train
sock-00943,dots,green,modal,right,xl,51.7,689,0.47,0.510,train
sock-00944,stripes,burgundy,linen,ambiguous,small,53.6,712,0.76,0.820,train
sock-00945,tiny-stars,charcoal,polyblend,left,medium,55.5,735,0.05,0.760,train
sock-00946,ribbed,teal,bamboo,right,large,57.4,758,0.34,0.760,train
sock-00947,heather,white,wool,ambiguous,xl,59.3,781,0.63,0.500,train
sock-00948,chevron,coral,cotton,left,small,61.2,804,0.92,0.580,train
sock-00949,argyle,lavender,modal,right,medium,63.1,827,0.21,0.470,train
sock-00950,plain,navy,linen,ambiguous,large,65.0,850,0.50,0.990,train
sock-00951,dots,yellow,polyblend,left,xl,66.9,873,0.79,0.770,train
sock-00952,stripes,black,bamboo,right,small,68.8,896,0.08,0.860,train
sock-00953,tiny-stars,green,wool,ambiguous,medium,70.7,919,0.37,0.580,train
sock-00954,ribbed,burgundy,cotton,left,large,72.6,942,0.66,0.590,train
sock-00955,heather,charcoal,modal,right,xl,25.5,965,0.95,0.530,train
sock-00956,chevron,teal,linen,ambiguous,small,27.4,988,0.24,0.840,train
sock-00957,argyle,white,polyblend,left,medium,29.3,1011,0.53,0.660,train
sock-00958,plain,coral,bamboo,right,large,31.2,1034,0.82,0.850,train
sock-00959,dots,lavender,wool,ambiguous,xl,33.1,1057,0.11,0.590,train
sock-00960,stripes,navy,cotton,left,small,35.0,1080,0.40,0.690,train
sock-00961,tiny-stars,yellow,modal,right,medium,36.9,1103,0.69,0.540,train
sock-00962,ribbed,black,linen,ambiguous,large,38.8,1126,0.98,0.570,train
sock-00963,heather,green,polyblend,left,xl,40.7,1149,0.27,0.790,train
sock-00964,chevron,burgundy,bamboo,right,small,42.6,1172,0.56,0.790,train
sock-00965,argyle,charcoal,wool,ambiguous,medium,44.5,1195,0.85,0.550,train
sock-00966,plain,teal,cotton,left,large,46.4,1218,0.14,0.680,train
sock-00967,dots,white,modal,right,xl,48.3,1241,0.43,0.480,train
sock-00968,stripes,coral,linen,ambiguous,small,50.2,1264,0.72,0.490,train
sock-00969,tiny-stars,lavender,polyblend,left,medium,52.1,1287,0.01,0.800,train
sock-00970,ribbed,navy,bamboo,right,large,54.0,1310,0.30,0.890,train
sock-00971,heather,yellow,wool,ambiguous,xl,55.9,1333,0.59,0.610,train
sock-00972,chevron,black,cotton,left,small,57.8,1356,0.88,0.710,train
sock-00973,argyle,green,modal,right,medium,59.7,1379,0.17,0.510,train
sock-00974,plain,burgundy,linen,ambiguous,large,61.6,1402,0.46,0.570,train
sock-00975,dots,charcoal,polyblend,left,xl,63.5,1425,0.75,0.810,train
sock-00976,stripes,teal,bamboo,right,small,65.4,1448,0.04,0.810,train
sock-00977,tiny-stars,white,wool,ambiguous,medium,67.3,1471,0.33,0.550,train
sock-00978,ribbed,coral,cotton,left,large,69.2,1494,0.62,0.630,train
sock-00979,heather,lavender,modal,right,xl,71.1,617,0.91,0.570,train
sock-00980,chevron,navy,linen,ambiguous,small,24.0,640,0.20,0.600,train
sock-00981,argyle,yellow,polyblend,left,medium,25.9,663,0.49,0.770,train
sock-00982,plain,black,bamboo,right,large,27.8,686,0.78,0.980,train
sock-00983,dots,green,wool,ambiguous,xl,29.7,709,0.07,0.630,train
sock-00984,stripes,burgundy,cotton,left,small,31.6,732,0.36,0.640,train
sock-00985,tiny-stars,charcoal,modal,right,medium,33.5,755,0.65,0.580,train
sock-00986,ribbed,teal,linen,ambiguous,large,35.4,778,0.94,0.520,train
sock-00987,heather,white,polyblend,left,xl,37.3,801,0.23,0.760,train
sock-00988,chevron,coral,bamboo,right,small,39.2,824,0.52,0.830,train
sock-00989,argyle,lavender,wool,ambiguous,medium,41.1,847,0.81,0.590,train
sock-00990,plain,navy,cotton,left,large,43.0,870,0.10,0.810,train
sock-00991,dots,yellow,modal,right,xl,44.9,893,0.39,0.590,train
sock-00992,stripes,black,linen,ambiguous,small,46.8,916,0.68,0.620,train
sock-00993,tiny-stars,green,polyblend,left,medium,48.7,939,0.97,0.840,train
sock-00994,ribbed,burgundy,bamboo,right,large,50.6,962,0.26,0.840,train
sock-00995,heather,charcoal,wool,ambiguous,xl,52.5,985,0.55,0.650,train
sock-00996,chevron,teal,cotton,left,small,54.4,1008,0.84,0.660,train
sock-00997,argyle,white,modal,right,medium,56.3,1031,0.13,0.480,train
sock-00998,plain,coral,linen,ambiguous,large,58.2,1054,0.42,0.610,train
sock-00999,dots,lavender,polyblend,left,xl,60.1,1077,0.71,0.480,train
sock-01000,stripes,navy,bamboo,right,small,62.0,1100,0.00,0.940,train
sock-01001,tiny-stars,yellow,wool,ambiguous,medium,63.9,1123,0.29,0.660,train
sock-01002,ribbed,black,cotton,left,large,65.8,1146,0.58,0.760,train
sock-01003,heather,green,modal,right,xl,67.7,1169,0.87,0.610,train
sock-01004,chevron,burgundy,linen,ambiguous,small,69.6,1192,0.16,0.550,train
sock-01005,argyle,charcoal,polyblend,left,medium,71.5,1215,0.45,0.440,train
sock-01006,plain,teal,bamboo,right,large,24.4,1238,0.74,0.930,train
sock-01007,dots,white,wool,ambiguous,xl,26.3,1261,0.03,0.600,train
sock-01008,stripes,coral,cotton,left,small,28.2,1284,0.32,0.680,train
sock-01009,tiny-stars,lavender,modal,right,medium,30.1,1307,0.61,0.620,train
sock-01010,ribbed,navy,linen,ambiguous,large,32.0,1330,0.90,0.650,train
sock-01011,heather,yellow,polyblend,left,xl,33.9,1353,0.19,0.500,train
sock-01012,chevron,black,bamboo,right,small,35.8,1376,0.48,0.960,train
sock-01013,argyle,green,wool,ambiguous,medium,37.7,1399,0.77,0.630,train
sock-01014,plain,burgundy,cotton,left,large,39.6,1422,0.06,0.760,train
sock-01015,dots,charcoal,modal,right,xl,41.5,1445,0.35,0.630,train
sock-01016,stripes,teal,linen,ambiguous,small,43.4,1468,0.64,0.570,train
sock-01017,tiny-stars,white,polyblend,left,medium,45.3,1491,0.93,0.440,train
sock-01018,ribbed,coral,bamboo,right,large,47.2,614,0.22,0.880,train
sock-01019,heather,lavender,wool,ambiguous,xl,49.1,637,0.51,0.690,train
sock-01020,chevron,navy,cotton,left,small,51.0,660,0.80,0.790,train
sock-01021,argyle,yellow,modal,right,medium,52.9,683,0.09,0.590,train
sock-01022,plain,black,linen,ambiguous,large,54.8,706,0.38,0.740,train
sock-01023,dots,green,polyblend,left,xl,56.7,729,0.67,0.520,train
sock-01024,stripes,burgundy,bamboo,right,small,58.6,752,0.96,0.890,train
sock-01025,tiny-stars,charcoal,wool,ambiguous,medium,60.5,775,0.25,0.700,train
sock-01026,ribbed,teal,cotton,left,large,62.4,798,0.54,0.710,train
sock-01027,heather,white,modal,right,xl,64.3,821,0.83,0.580,train
sock-01028,chevron,coral,linen,ambiguous,small,66.2,844,0.12,0.590,train
sock-01029,argyle,lavender,polyblend,left,medium,68.1,867,0.41,0.480,train
sock-01030,plain,navy,bamboo,right,large,70.0,890,0.70,0.990,train
sock-01031,dots,yellow,wool,ambiguous,xl,71.9,913,0.99,0.710,train
sock-01032,stripes,black,cotton,left,small,24.8,936,0.28,0.810,train
sock-01033,tiny-stars,green,modal,right,medium,26.7,959,0.57,0.660,train
sock-01034,ribbed,burgundy,linen,ambiguous,large,28.6,982,0.86,0.600,train
sock-01035,heather,charcoal,polyblend,left,xl,30.5,1005,0.15,0.540,train
sock-01036,chevron,teal,bamboo,right,small,32.4,1028,0.44,0.540,train
sock-01037,argyle,white,wool,ambiguous,medium,34.3,1051,0.73,0.600,train
sock-01038,plain,coral,cotton,left,large,36.2,1074,0.02,0.800,train
sock-01039,dots,lavender,modal,right,xl,38.1,1097,0.31,0.670,train
sock-01040,stripes,navy,linen,ambiguous,small,40.0,1120,0.60,0.700,train
sock-01041,tiny-stars,yellow,polyblend,left,medium,41.9,1143,0.89,0.550,train
sock-01042,ribbed,black,bamboo,right,large,43.8,1166,0.18,0.640,train
sock-01043,heather,green,wool,ambiguous,xl,45.7,1189,0.47,0.730,train
sock-01044,chevron,burgundy,cotton,left,small,47.6,1212,0.76,0.740,train
sock-01045,argyle,charcoal,modal,right,medium,49.5,1235,0.05,0.630,train
sock-01046,plain,teal,linen,ambiguous,large,51.4,1258,0.34,0.690,train
sock-01047,dots,white,polyblend,left,xl,53.3,1281,0.63,0.490,train
sock-01048,stripes,coral,bamboo,right,small,55.2,1304,0.92,0.560,train
sock-01049,tiny-stars,lavender,wool,ambiguous,medium,57.1,1327,0.21,0.740,train
sock-01050,ribbed,navy,cotton,left,large,59.0,1350,0.50,0.840,train
sock-01051,heather,yellow,modal,right,xl,60.9,1373,0.79,0.690,train
sock-01052,chevron,black,linen,ambiguous,small,62.8,1396,0.08,0.720,train
sock-01053,argyle,green,polyblend,left,medium,64.7,1419,0.37,0.520,train
sock-01054,plain,burgundy,bamboo,right,large,66.6,1442,0.66,0.640,train
sock-01055,dots,charcoal,wool,ambiguous,xl,68.5,1465,0.95,0.750,train
sock-01056,stripes,teal,cotton,left,small,70.4,1488,0.24,0.760,train
sock-01057,tiny-stars,white,modal,right,medium,72.3,611,0.53,0.630,train
sock-01058,ribbed,coral,linen,ambiguous,large,25.2,634,0.82,0.640,train
sock-01059,heather,lavender,polyblend,left,xl,27.1,657,0.11,0.580,train
sock-01060,chevron,navy,bamboo,right,small,29.0,680,0.40,0.670,train
sock-01061,argyle,yellow,wool,ambiguous,medium,30.9,703,0.69,0.710,train
sock-01062,plain,black,cotton,left,large,32.8,726,0.98,0.930,train
sock-01063,dots,green,modal,right,xl,34.7,749,0.27,0.710,train
sock-01064,stripes,burgundy,linen,ambiguous,small,36.6,772,0.56,0.650,train
sock-01065,tiny-stars,charcoal,polyblend,left,medium,38.5,795,0.85,0.590,train
sock-01066,ribbed,teal,bamboo,right,large,40.4,818,0.14,0.590,train
sock-01067,heather,white,wool,ambiguous,xl,42.3,841,0.43,0.700,train
sock-01068,chevron,coral,cotton,left,small,44.2,864,0.72,0.780,train
sock-01069,argyle,lavender,modal,right,medium,46.1,887,0.01,0.670,train
sock-01070,plain,navy,linen,ambiguous,large,48.0,910,0.30,0.820,train
sock-01071,dots,yellow,polyblend,left,xl,49.9,933,0.59,0.600,train
sock-01072,stripes,black,bamboo,right,small,51.8,956,0.88,0.690,train
sock-01073,tiny-stars,green,wool,ambiguous,medium,53.7,979,0.17,0.410,train
sock-01074,ribbed,burgundy,cotton,left,large,55.6,1002,0.46,0.790,train
sock-01075,heather,charcoal,modal,right,xl,57.5,1025,0.75,0.730,train
sock-01076,chevron,teal,linen,ambiguous,small,59.4,1048,0.04,0.670,train
sock-01077,argyle,white,polyblend,left,medium,61.3,1071,0.33,0.490,train
sock-01078,plain,coral,bamboo,right,large,63.2,1094,0.62,0.680,train
sock-01079,dots,lavender,wool,ambiguous,xl,65.1,1117,0.91,0.420,train
sock-01080,stripes,navy,cotton,left,small,67.0,1140,0.20,0.890,train
sock-01081,tiny-stars,yellow,modal,right,medium,68.9,1163,0.49,0.740,train
sock-01082,ribbed,black,linen,ambiguous,large,70.8,1186,0.78,0.770,train
sock-01083,heather,green,polyblend,left,xl,72.7,1209,0.07,0.620,train
sock-01084,chevron,burgundy,bamboo,right,small,25.6,1232,0.36,0.620,train
sock-01085,argyle,charcoal,wool,ambiguous,medium,27.5,1255,0.65,0.380,train
sock-01086,plain,teal,cotton,left,large,29.4,1278,0.94,0.880,train
sock-01087,dots,white,modal,right,xl,31.3,1301,0.23,0.680,train
sock-01088,stripes,coral,linen,ambiguous,small,33.2,1324,0.52,0.690,train
sock-01089,tiny-stars,lavender,polyblend,left,medium,35.1,1347,0.81,0.630,train
sock-01090,ribbed,navy,bamboo,right,large,37.0,1370,0.10,0.720,train
sock-01091,heather,yellow,wool,ambiguous,xl,38.9,1393,0.39,0.440,train
sock-01092,chevron,black,cotton,left,small,40.8,1416,0.68,0.910,train
sock-01093,argyle,green,modal,right,medium,42.7,1439,0.97,0.710,train
sock-01094,plain,burgundy,linen,ambiguous,large,44.6,1462,0.26,0.770,train
sock-01095,dots,charcoal,polyblend,left,xl,46.5,1485,0.55,0.640,train
sock-01096,stripes,teal,bamboo,right,small,48.4,608,0.84,0.640,train
sock-01097,tiny-stars,white,wool,ambiguous,medium,50.3,631,0.13,0.380,train
sock-01098,ribbed,coral,cotton,left,large,52.2,654,0.42,0.830,train
sock-01099,heather,lavender,modal,right,xl,54.1,677,0.71,0.770,train
sock-01100,chevron,navy,linen,ambiguous,small,56.0,700,0.00,0.800,train
sock-01101,argyle,yellow,polyblend,left,medium,57.9,723,0.29,0.600,train
sock-01102,plain,black,bamboo,right,large,59.8,746,0.58,0.810,train
sock-01103,dots,green,wool,ambiguous,xl,61.7,769,0.87,0.460,train
sock-01104,stripes,burgundy,cotton,left,small,63.6,792,0.16,0.840,train
sock-01105,tiny-stars,charcoal,modal,right,medium,65.5,815,0.45,0.780,train
sock-01106,ribbed,teal,linen,ambiguous,large,67.4,838,0.74,0.720,train
sock-01107,heather,white,polyblend,left,xl,69.3,861,0.03,0.590,train
sock-01108,chevron,coral,bamboo,right,small,71.2,884,0.32,0.660,train
sock-01109,argyle,lavender,wool,ambiguous,medium,24.1,907,0.61,0.420,train
sock-01110,plain,navy,cotton,left,large,26.0,930,0.90,0.640,train
sock-01111,dots,yellow,modal,right,xl,27.9,953,0.19,0.790,train
sock-01112,stripes,black,linen,ambiguous,small,29.8,976,0.48,0.820,train
sock-01113,tiny-stars,green,polyblend,left,medium,31.7,999,0.77,0.670,train
sock-01114,ribbed,burgundy,bamboo,right,large,33.6,1022,0.06,0.670,train
sock-01115,heather,charcoal,wool,ambiguous,xl,35.5,1045,0.35,0.480,train
sock-01116,chevron,teal,cotton,left,small,37.4,1068,0.64,0.490,train
sock-01117,argyle,white,modal,right,medium,39.3,1091,0.93,0.680,train
sock-01118,plain,coral,linen,ambiguous,large,41.2,1114,0.22,0.810,train
sock-01119,dots,lavender,polyblend,left,xl,43.1,1137,0.51,0.680,train
sock-01120,stripes,navy,bamboo,right,small,45.0,1160,0.80,0.770,train
sock-01121,tiny-stars,yellow,wool,ambiguous,medium,46.9,1183,0.09,0.490,train
sock-01122,ribbed,black,cotton,left,large,48.8,1206,0.38,0.590,train
sock-01123,heather,green,modal,right,xl,50.7,1229,0.67,0.810,train
sock-01124,chevron,burgundy,linen,ambiguous,small,52.6,1252,0.96,0.750,train
sock-01125,argyle,charcoal,polyblend,left,medium,54.5,1275,0.25,0.640,train
sock-01126,plain,teal,bamboo,right,large,56.4,1298,0.54,0.760,train
sock-01127,dots,white,wool,ambiguous,xl,58.3,1321,0.83,0.430,train
sock-01128,stripes,coral,cotton,left,small,60.2,1344,0.12,0.510,train
sock-01129,tiny-stars,lavender,modal,right,medium,62.1,1367,0.41,0.820,train
sock-01130,ribbed,navy,linen,ambiguous,large,64.0,1390,0.70,0.850,train
sock-01131,heather,yellow,polyblend,left,xl,65.9,1413,0.99,0.700,train
sock-01132,chevron,black,bamboo,right,small,67.8,1436,0.28,0.790,train
sock-01133,argyle,green,wool,ambiguous,medium,69.7,1459,0.57,0.460,train
sock-01134,plain,burgundy,cotton,left,large,71.6,1482,0.86,0.590,train
sock-01135,dots,charcoal,modal,right,xl,24.5,605,0.15,0.830,train
sock-01136,stripes,teal,linen,ambiguous,small,26.4,628,0.44,0.770,train
sock-01137,tiny-stars,white,polyblend,left,medium,28.3,651,0.73,0.640,train
sock-01138,ribbed,coral,bamboo,right,large,30.2,674,0.02,0.710,train
sock-01139,heather,lavender,wool,ambiguous,xl,32.1,697,0.31,0.520,train
sock-01140,chevron,navy,cotton,left,small,34.0,720,0.60,0.620,train
sock-01141,argyle,yellow,modal,right,medium,35.9,743,0.89,0.790,train
sock-01142,plain,black,linen,ambiguous,large,37.8,766,0.18,0.940,train
sock-01143,dots,green,polyblend,left,xl,39.7,789,0.47,0.720,train
sock-01144,stripes,burgundy,bamboo,right,small,41.6,812,0.76,0.720,train
sock-01145,tiny-stars,charcoal,wool,ambiguous,medium,43.5,835,0.05,0.530,train
sock-01146,ribbed,teal,cotton,left,large,45.4,858,0.34,0.540,train
sock-01147,heather,white,modal,right,xl,47.3,881,0.63,0.410,train
sock-01148,chevron,coral,linen,ambiguous,small,49.2,904,0.92,0.790,train
sock-01149,argyle,lavender,polyblend,left,medium,51.1,927,0.21,0.680,train
sock-01150,plain,navy,bamboo,right,large,53.0,950,0.50,0.890,train
sock-01151,dots,yellow,wool,ambiguous,xl,54.9,973,0.79,0.540,train
sock-01152,stripes,black,cotton,left,small,56.8,996,0.08,0.640,train
sock-01153,tiny-stars,green,modal,right,medium,58.7,1019,0.37,0.490,train
sock-01154,ribbed,burgundy,linen,ambiguous,large,60.6,1042,0.66,0.800,train
sock-01155,heather,charcoal,polyblend,left,xl,62.5,1065,0.95,0.740,train
sock-01156,chevron,teal,bamboo,right,small,64.4,1088,0.24,0.740,train
sock-01157,argyle,white,wool,ambiguous,medium,66.3,1111,0.53,0.430,train
sock-01158,plain,coral,cotton,left,large,68.2,1134,0.82,0.630,train
sock-01159,dots,lavender,modal,right,xl,70.1,1157,0.11,0.500,train
sock-01160,stripes,navy,linen,ambiguous,small,72.0,1180,0.40,0.900,train
sock-01161,tiny-stars,yellow,polyblend,left,medium,24.9,1203,0.69,0.750,train
sock-01162,ribbed,black,bamboo,right,large,26.8,1226,0.98,0.840,train
sock-01163,heather,green,wool,ambiguous,xl,28.7,1249,0.27,0.560,train
sock-01164,chevron,burgundy,cotton,left,small,30.6,1272,0.56,0.570,train
sock-01165,argyle,charcoal,modal,right,medium,32.5,1295,0.85,0.460,train
sock-01166,plain,teal,linen,ambiguous,large,34.4,1318,0.14,0.890,train
sock-01167,dots,white,polyblend,left,xl,36.3,1341,0.43,0.690,train
sock-01168,stripes,coral,bamboo,right,small,38.2,1364,0.72,0.760,train
sock-01169,tiny-stars,lavender,wool,ambiguous,medium,40.1,1387,0.01,0.570,train
sock-01170,ribbed,navy,cotton,left,large,42.0,1410,0.30,0.670,train
sock-01171,heather,yellow,modal,right,xl,43.9,1433,0.59,0.520,train
sock-01172,chevron,black,linen,ambiguous,small,45.8,1456,0.88,0.920,train
sock-01173,argyle,green,polyblend,left,medium,47.7,1479,0.17,0.720,train
sock-01174,plain,burgundy,bamboo,right,large,49.6,602,0.46,0.840,train
sock-01175,dots,charcoal,wool,ambiguous,xl,51.5,625,0.75,0.580,train
sock-01176,stripes,teal,cotton,left,small,53.4,648,0.04,0.590,train
sock-01177,tiny-stars,white,modal,right,medium,55.3,671,0.33,0.460,train
sock-01178,ribbed,coral,linen,ambiguous,large,57.2,694,0.62,0.840,train
sock-01179,heather,lavender,polyblend,left,xl,59.1,717,0.91,0.780,train
sock-01180,chevron,navy,bamboo,right,small,61.0,740,0.20,0.870,train
sock-01181,argyle,yellow,wool,ambiguous,medium,62.9,763,0.49,0.540,train
sock-01182,plain,black,cotton,left,large,64.8,786,0.78,0.760,train
sock-01183,dots,green,modal,right,xl,66.7,809,0.07,0.540,train
sock-01184,stripes,burgundy,linen,ambiguous,small,68.6,832,0.36,0.480,train
sock-01185,tiny-stars,charcoal,polyblend,left,medium,70.5,855,0.65,0.790,train
sock-01186,ribbed,teal,bamboo,right,large,72.4,878,0.94,0.790,train
sock-01187,heather,white,wool,ambiguous,xl,25.3,901,0.23,0.530,train
sock-01188,chevron,coral,cotton,left,small,27.2,924,0.52,0.610,train
sock-01189,argyle,lavender,modal,right,medium,29.1,947,0.81,0.500,train
sock-01190,plain,navy,linen,ambiguous,large,31.0,970,0.10,0.650,train
sock-01191,dots,yellow,polyblend,left,xl,32.9,993,0.39,0.800,train
sock-01192,stripes,black,bamboo,right,small,34.8,1016,0.68,0.890,train
sock-01193,tiny-stars,green,wool,ambiguous,medium,36.7,1039,0.97,0.610,train
sock-01194,ribbed,burgundy,cotton,left,large,38.6,1062,0.26,0.620,train
sock-01195,heather,charcoal,modal,right,xl,40.5,1085,0.55,0.560,train
sock-01196,chevron,teal,linen,ambiguous,small,42.4,1108,0.84,0.500,train
sock-01197,argyle,white,polyblend,left,medium,44.3,1131,0.13,0.690,train
sock-01198,plain,coral,bamboo,right,large,46.2,1154,0.42,0.880,train
sock-01199,dots,lavender,wool,ambiguous,xl,48.1,1177,0.71,0.620,train
sock-01200,stripes,navy,cotton,left,small,50.0,1200,0.00,0.720,train
sock-01201,tiny-stars,yellow,modal,right,medium,51.9,1223,0.29,0.570,train
sock-01202,ribbed,black,linen,ambiguous,large,53.8,1246,0.58,0.600,train
sock-01203,heather,green,polyblend,left,xl,55.7,1269,0.87,0.820,train
sock-01204,chevron,burgundy,bamboo,right,small,57.6,1292,0.16,0.820,train
sock-01205,argyle,charcoal,wool,ambiguous,medium,59.5,1315,0.45,0.580,train
sock-01206,plain,teal,cotton,left,large,61.4,1338,0.74,0.710,train
sock-01207,dots,white,modal,right,xl,63.3,1361,0.03,0.510,train
sock-01208,stripes,coral,linen,ambiguous,small,65.2,1384,0.32,0.520,train
sock-01209,tiny-stars,lavender,polyblend,left,medium,67.1,1407,0.61,0.830,train
sock-01210,ribbed,navy,bamboo,right,large,69.0,1430,0.90,0.920,train
sock-01211,heather,yellow,wool,ambiguous,xl,70.9,1453,0.19,0.640,train
sock-01212,chevron,black,cotton,left,small,72.8,1476,0.48,0.740,train
sock-01213,argyle,green,modal,right,medium,25.7,1499,0.77,0.540,train
sock-01214,plain,burgundy,linen,ambiguous,large,27.6,622,0.06,0.600,train
sock-01215,dots,charcoal,polyblend,left,xl,29.5,645,0.35,0.840,train
sock-01216,stripes,teal,bamboo,right,small,31.4,668,0.64,0.840,train
sock-01217,tiny-stars,white,wool,ambiguous,medium,33.3,691,0.93,0.580,train
sock-01218,ribbed,coral,cotton,left,large,35.2,714,0.22,0.660,train
sock-01219,heather,lavender,modal,right,xl,37.1,737,0.51,0.600,train
sock-01220,chevron,navy,linen,ambiguous,small,39.0,760,0.80,0.630,train
sock-01221,argyle,yellow,polyblend,left,medium,40.9,783,0.09,0.430,train
sock-01222,plain,black,bamboo,right,large,42.8,806,0.38,0.990,train
sock-01223,dots,green,wool,ambiguous,xl,44.7,829,0.67,0.660,train
sock-01224,stripes,burgundy,cotton,left,small,46.6,852,0.96,0.670,train
sock-01225,tiny-stars,charcoal,modal,right,medium,48.5,875,0.25,0.610,train
sock-01226,ribbed,teal,linen,ambiguous,large,50.4,898,0.54,0.550,train
sock-01227,heather,white,polyblend,left,xl,52.3,921,0.83,0.420,train
sock-01228,chevron,coral,bamboo,right,small,54.2,944,0.12,0.860,train
sock-01229,argyle,lavender,wool,ambiguous,medium,56.1,967,0.41,0.620,train
sock-01230,plain,navy,cotton,left,large,58.0,990,0.70,0.840,train
sock-01231,dots,yellow,modal,right,xl,59.9,1013,0.99,0.620,train
sock-01232,stripes,black,linen,ambiguous,small,61.8,1036,0.28,0.650,train
sock-01233,tiny-stars,green,polyblend,left,medium,63.7,1059,0.57,0.500,train
sock-01234,ribbed,burgundy,bamboo,right,large,65.6,1082,0.86,0.870,train
sock-01235,heather,charcoal,wool,ambiguous,xl,67.5,1105,0.15,0.680,train
sock-01236,chevron,teal,cotton,left,small,69.4,1128,0.44,0.690,train
sock-01237,argyle,white,modal,right,medium,71.3,1151,0.73,0.510,train
sock-01238,plain,coral,linen,ambiguous,large,24.2,1174,0.02,0.640,train
sock-01239,dots,lavender,polyblend,left,xl,26.1,1197,0.31,0.510,train
sock-01240,stripes,navy,bamboo,right,small,28.0,1220,0.60,0.970,train
sock-01241,tiny-stars,yellow,wool,ambiguous,medium,29.9,1243,0.89,0.690,train
sock-01242,ribbed,black,cotton,left,large,31.8,1266,0.18,0.790,train
sock-01243,heather,green,modal,right,xl,33.7,1289,0.47,0.640,train
sock-01244,chevron,burgundy,linen,ambiguous,small,35.6,1312,0.76,0.580,train
sock-01245,argyle,charcoal,polyblend,left,medium,37.5,1335,0.05,0.470,train
sock-01246,plain,teal,bamboo,right,large,39.4,1358,0.34,0.960,train
sock-01247,dots,white,wool,ambiguous,xl,41.3,1381,0.63,0.630,train
sock-01248,stripes,coral,cotton,left,small,43.2,1404,0.92,0.710,train
sock-01249,tiny-stars,lavender,modal,right,medium,45.1,1427,0.21,0.650,train
sock-01250,ribbed,navy,linen,ambiguous,large,47.0,1450,0.50,0.680,train
sock-01251,heather,yellow,polyblend,left,xl,48.9,1473,0.79,0.530,train
sock-01252,chevron,black,bamboo,right,small,50.8,1496,0.08,0.990,train
sock-01253,argyle,green,wool,ambiguous,medium,52.7,619,0.37,0.660,train
sock-01254,plain,burgundy,cotton,left,large,54.6,642,0.66,0.790,train
sock-01255,dots,charcoal,modal,right,xl,56.5,665,0.95,0.660,train
sock-01256,stripes,teal,linen,ambiguous,small,58.4,688,0.24,0.600,train
sock-01257,tiny-stars,white,polyblend,left,medium,60.3,711,0.53,0.470,train
sock-01258,ribbed,coral,bamboo,right,large,62.2,734,0.82,0.540,train
sock-01259,heather,lavender,wool,ambiguous,xl,64.1,757,0.11,0.720,train
sock-01260,chevron,navy,cotton,left,small,66.0,780,0.40,0.820,train
sock-01261,argyle,yellow,modal,right,medium,67.9,803,0.69,0.620,train
sock-01262,plain,black,linen,ambiguous,large,69.8,826,0.98,0.770,train
sock-01263,dots,green,polyblend,left,xl,71.7,849,0.27,0.550,train
sock-01264,stripes,burgundy,bamboo,right,small,24.6,872,0.56,0.550,train
sock-01265,tiny-stars,charcoal,wool,ambiguous,medium,26.5,895,0.85,0.730,train
sock-01266,ribbed,teal,cotton,left,large,28.4,918,0.14,0.740,train
sock-01267,heather,white,modal,right,xl,30.3,941,0.43,0.610,train
sock-01268,chevron,coral,linen,ambiguous,small,32.2,964,0.72,0.620,train
sock-01269,argyle,lavender,polyblend,left,medium,34.1,987,0.01,0.510,train
sock-01270,plain,navy,bamboo,right,large,36.0,1010,0.30,0.720,train
sock-01271,dots,yellow,wool,ambiguous,xl,37.9,1033,0.59,0.740,train
sock-01272,stripes,black,cotton,left,small,39.8,1056,0.88,0.840,train
sock-01273,tiny-stars,green,modal,right,medium,41.7,1079,0.17,0.690,train
sock-01274,ribbed,burgundy,linen,ambiguous,large,43.6,1102,0.46,0.630,train
sock-01275,heather,charcoal,polyblend,left,xl,45.5,1125,0.75,0.570,train
sock-01276,chevron,teal,bamboo,right,small,47.4,1148,0.04,0.570,train
sock-01277,argyle,white,wool,ambiguous,medium,49.3,1171,0.33,0.630,train
sock-01278,plain,coral,cotton,left,large,51.2,1194,0.62,0.830,train
sock-01279,dots,lavender,modal,right,xl,53.1,1217,0.91,0.700,train
sock-01280,stripes,navy,linen,ambiguous,small,55.0,1240,0.20,0.730,train
sock-01281,tiny-stars,yellow,polyblend,left,medium,56.9,1263,0.49,0.580,train
sock-01282,ribbed,black,bamboo,right,large,58.8,1286,0.78,0.670,train
sock-01283,heather,green,wool,ambiguous,xl,60.7,1309,0.07,0.760,train
sock-01284,chevron,burgundy,cotton,left,small,62.6,1332,0.36,0.770,train
sock-01285,argyle,charcoal,modal,right,medium,64.5,1355,0.65,0.660,train
sock-01286,plain,teal,linen,ambiguous,large,66.4,1378,0.94,0.720,train
sock-01287,dots,white,polyblend,left,xl,68.3,1401,0.23,0.520,train
sock-01288,stripes,coral,bamboo,right,small,70.2,1424,0.52,0.590,train
sock-01289,tiny-stars,lavender,wool,ambiguous,medium,72.1,1447,0.81,0.770,train
sock-01290,ribbed,navy,cotton,left,large,25.0,1470,0.10,0.870,train
sock-01291,heather,yellow,modal,right,xl,26.9,1493,0.39,0.720,train
sock-01292,chevron,black,linen,ambiguous,small,28.8,616,0.68,0.750,train
sock-01293,argyle,green,polyblend,left,medium,30.7,639,0.97,0.550,train
sock-01294,plain,burgundy,bamboo,right,large,32.6,662,0.26,0.670,train
sock-01295,dots,charcoal,wool,ambiguous,xl,34.5,685,0.55,0.410,train
sock-01296,stripes,teal,cotton,left,small,36.4,708,0.84,0.790,train
sock-01297,tiny-stars,white,modal,right,medium,38.3,731,0.13,0.660,train
sock-01298,ribbed,coral,linen,ambiguous,large,40.2,754,0.42,0.670,train
sock-01299,heather,lavender,polyblend,left,xl,42.1,777,0.71,0.610,train
sock-01300,chevron,navy,bamboo,right,small,44.0,800,0.00,0.700,train
sock-01301,argyle,yellow,wool,ambiguous,medium,45.9,823,0.29,0.370,train
sock-01302,plain,black,cotton,left,large,47.8,846,0.58,0.960,train
sock-01303,dots,green,modal,right,xl,49.7,869,0.87,0.740,train
sock-01304,stripes,burgundy,linen,ambiguous,small,51.6,892,0.16,0.680,train
sock-01305,tiny-stars,charcoal,polyblend,left,medium,53.5,915,0.45,0.620,train
sock-01306,ribbed,teal,bamboo,right,large,55.4,938,0.74,0.620,train
sock-01307,heather,white,wool,ambiguous,xl,57.3,961,0.03,0.360,train
sock-01308,chevron,coral,cotton,left,small,59.2,984,0.32,0.810,train
sock-01309,argyle,lavender,modal,right,medium,61.1,1007,0.61,0.700,train
sock-01310,plain,navy,linen,ambiguous,large,63.0,1030,0.90,0.850,train
sock-01311,dots,yellow,polyblend,left,xl,64.9,1053,0.19,0.630,train
sock-01312,stripes,black,bamboo,right,small,66.8,1076,0.48,0.720,train
sock-01313,tiny-stars,green,wool,ambiguous,medium,68.7,1099,0.77,0.440,train
sock-01314,ribbed,burgundy,cotton,left,large,70.6,1122,0.06,0.820,train
sock-01315,heather,charcoal,modal,right,xl,72.5,1145,0.35,0.760,train
sock-01316,chevron,teal,linen,ambiguous,small,25.4,1168,0.64,0.700,train
sock-01317,argyle,white,polyblend,left,medium,27.3,1191,0.93,0.520,train
sock-01318,plain,coral,bamboo,right,large,29.2,1214,0.22,0.710,train
sock-01319,dots,lavender,wool,ambiguous,xl,31.1,1237,0.51,0.450,train
sock-01320,stripes,navy,cotton,left,small,33.0,1260,0.80,0.920,train
sock-01321,tiny-stars,yellow,modal,right,medium,34.9,1283,0.09,0.770,train
sock-01322,ribbed,black,linen,ambiguous,large,36.8,1306,0.38,0.800,train
sock-01323,heather,green,polyblend,left,xl,38.7,1329,0.67,0.650,train
sock-01324,chevron,burgundy,bamboo,right,small,40.6,1352,0.96,0.650,train
sock-01325,argyle,charcoal,wool,ambiguous,medium,42.5,1375,0.25,0.410,train
sock-01326,plain,teal,cotton,left,large,44.4,1398,0.54,0.910,train
sock-01327,dots,white,modal,right,xl,46.3,1421,0.83,0.710,train
sock-01328,stripes,coral,linen,ambiguous,small,48.2,1444,0.12,0.720,train
sock-01329,tiny-stars,lavender,polyblend,left,medium,50.1,1467,0.41,0.660,train
sock-01330,ribbed,navy,bamboo,right,large,52.0,1490,0.70,0.750,train
sock-01331,heather,yellow,wool,ambiguous,xl,53.9,613,0.99,0.470,train
sock-01332,chevron,black,cotton,left,small,55.8,636,0.28,0.570,train
sock-01333,argyle,green,modal,right,medium,57.7,659,0.57,0.740,train
sock-01334,plain,burgundy,linen,ambiguous,large,59.6,682,0.86,0.800,train
sock-01335,dots,charcoal,polyblend,left,xl,61.5,705,0.15,0.670,train
sock-01336,stripes,teal,bamboo,right,small,63.4,728,0.44,0.670,train
sock-01337,tiny-stars,white,wool,ambiguous,medium,65.3,751,0.73,0.410,train
sock-01338,ribbed,coral,cotton,left,large,67.2,774,0.02,0.490,train
sock-01339,heather,lavender,modal,right,xl,69.1,797,0.31,0.800,train
sock-01340,chevron,navy,linen,ambiguous,small,71.0,820,0.60,0.830,train
sock-01341,argyle,yellow,polyblend,left,medium,72.9,843,0.89,0.630,train
sock-01342,plain,black,bamboo,right,large,25.8,866,0.18,0.840,train
sock-01343,dots,green,wool,ambiguous,xl,27.7,889,0.47,0.490,train
sock-01344,stripes,burgundy,cotton,left,small,29.6,912,0.76,0.500,train
sock-01345,tiny-stars,charcoal,modal,right,medium,31.5,935,0.05,0.810,train
sock-01346,ribbed,teal,linen,ambiguous,large,33.4,958,0.34,0.750,train
sock-01347,heather,white,polyblend,left,xl,35.3,981,0.63,0.620,train
sock-01348,chevron,coral,bamboo,right,small,37.2,1004,0.92,0.690,train
sock-01349,argyle,lavender,wool,ambiguous,medium,39.1,1027,0.21,0.450,train
sock-01350,plain,navy,cotton,left,large,41.0,1050,0.50,0.670,train
sock-01351,dots,yellow,modal,right,xl,42.9,1073,0.79,0.820,train
sock-01352,stripes,black,linen,ambiguous,small,44.8,1096,0.08,0.850,train
sock-01353,tiny-stars,green,polyblend,left,medium,46.7,1119,0.37,0.700,train
sock-01354,ribbed,burgundy,bamboo,right,large,48.6,1142,0.66,0.700,train
sock-01355,heather,charcoal,wool,ambiguous,xl,50.5,1165,0.95,0.510,train
sock-01356,chevron,teal,cotton,left,small,52.4,1188,0.24,0.520,train
sock-01357,argyle,white,modal,right,medium,54.3,1211,0.53,0.710,train
sock-01358,plain,coral,linen,ambiguous,large,56.2,1234,0.82,0.840,train
sock-01359,dots,lavender,polyblend,left,xl,58.1,1257,0.11,0.710,train
sock-01360,stripes,navy,bamboo,right,small,60.0,1280,0.40,0.800,train
sock-01361,tiny-stars,yellow,wool,ambiguous,medium,61.9,1303,0.69,0.520,train
sock-01362,ribbed,black,cotton,left,large,63.8,1326,0.98,0.620,train
sock-01363,heather,green,modal,right,xl,65.7,1349,0.27,0.840,train
sock-01364,chevron,burgundy,linen,ambiguous,small,67.6,1372,0.56,0.780,train
sock-01365,argyle,charcoal,polyblend,left,medium,69.5,1395,0.85,0.670,train
sock-01366,plain,teal,bamboo,right,large,71.4,1418,0.14,0.790,train
sock-01367,dots,white,wool,ambiguous,xl,24.3,1441,0.43,0.460,train
sock-01368,stripes,coral,cotton,left,small,26.2,1464,0.72,0.540,train
sock-01369,tiny-stars,lavender,modal,right,medium,28.1,1487,0.01,0.480,train
sock-01370,ribbed,navy,linen,ambiguous,large,30.0,610,0.30,0.880,train
sock-01371,heather,yellow,polyblend,left,xl,31.9,633,0.59,0.730,train
sock-01372,chevron,black,bamboo,right,small,33.8,656,0.88,0.820,train
sock-01373,argyle,green,wool,ambiguous,medium,35.7,679,0.17,0.490,train
sock-01374,plain,burgundy,cotton,left,large,37.6,702,0.46,0.620,train
sock-01375,dots,charcoal,modal,right,xl,39.5,725,0.75,0.490,train
sock-01376,stripes,teal,linen,ambiguous,small,41.4,748,0.04,0.800,train
sock-01377,tiny-stars,white,polyblend,left,medium,43.3,771,0.33,0.670,train
sock-01378,ribbed,coral,bamboo,right,large,45.2,794,0.62,0.740,train
sock-01379,heather,lavender,wool,ambiguous,xl,47.1,817,0.91,0.550,train
sock-01380,chevron,navy,cotton,left,small,49.0,840,0.20,0.650,train
sock-01381,argyle,yellow,modal,right,medium,50.9,863,0.49,0.450,train
sock-01382,plain,black,linen,ambiguous,large,52.8,886,0.78,0.970,train
sock-01383,dots,green,polyblend,left,xl,54.7,909,0.07,0.750,train
sock-01384,stripes,burgundy,bamboo,right,small,56.6,932,0.36,0.750,train
sock-01385,tiny-stars,charcoal,wool,ambiguous,medium,58.5,955,0.65,0.560,train
sock-01386,ribbed,teal,cotton,left,large,60.4,978,0.94,0.570,train
sock-01387,heather,white,modal,right,xl,62.3,1001,0.23,0.440,train
sock-01388,chevron,coral,linen,ambiguous,small,64.2,1024,0.52,0.820,train
sock-01389,argyle,lavender,polyblend,left,medium,66.1,1047,0.81,0.710,train
sock-01390,plain,navy,bamboo,right,large,68.0,1070,0.10,0.920,train
sock-01391,dots,yellow,wool,ambiguous,xl,69.9,1093,0.39,0.570,train
sock-01392,stripes,black,cotton,left,small,71.8,1116,0.68,0.670,train
sock-01393,tiny-stars,green,modal,right,medium,24.7,1139,0.97,0.520,train
sock-01394,ribbed,burgundy,linen,ambiguous,large,26.6,1162,0.26,0.830,train
sock-01395,heather,charcoal,polyblend,left,xl,28.5,1185,0.55,0.770,train
sock-01396,chevron,teal,bamboo,right,small,30.4,1208,0.84,0.770,train
sock-01397,argyle,white,wool,ambiguous,medium,32.3,1231,0.13,0.460,train
sock-01398,plain,coral,cotton,left,large,34.2,1254,0.42,0.660,train
sock-01399,dots,lavender,modal,right,xl,36.1,1277,0.71,0.530,train
sock-01400,stripes,navy,linen,ambiguous,small,38.0,1300,0.00,0.930,train
sock-01401,tiny-stars,yellow,polyblend,left,medium,39.9,1323,0.29,0.780,train
sock-01402,ribbed,black,bamboo,right,large,41.8,1346,0.58,0.870,train
sock-01403,heather,green,wool,ambiguous,xl,43.7,1369,0.87,0.590,train
sock-01404,chevron,burgundy,cotton,left,small,45.6,1392,0.16,0.600,train
sock-01405,argyle,charcoal,modal,right,medium,47.5,1415,0.45,0.490,train
sock-01406,plain,teal,linen,ambiguous,large,49.4,1438,0.74,0.550,train
sock-01407,dots,white,polyblend,left,xl,51.3,1461,0.03,0.720,train
sock-01408,stripes,coral,bamboo,right,small,53.2,1484,0.32,0.790,train
sock-01409,tiny-stars,lavender,wool,ambiguous,medium,55.1,607,0.61,0.600,train
sock-01410,ribbed,navy,cotton,left,large,57.0,630,0.90,0.700,train
sock-01411,heather,yellow,modal,right,xl,58.9,653,0.19,0.550,train
sock-01412,chevron,black,linen,ambiguous,small,60.8,676,0.48,0.580,train
sock-01413,argyle,green,polyblend,left,medium,62.7,699,0.77,0.750,train
sock-01414,plain,burgundy,bamboo,right,large,64.6,722,0.06,0.870,train
sock-01415,dots,charcoal,wool,ambiguous,xl,66.5,745,0.35,0.610,train
sock-01416,stripes,teal,cotton,left,small,68.4,768,0.64,0.620,train
sock-01417,tiny-stars,white,modal,right,medium,70.3,791,0.93,0.490,train
sock-01418,ribbed,coral,linen,ambiguous,large,72.2,814,0.22,0.500,train
sock-01419,heather,lavender,polyblend,left,xl,25.1,837,0.51,0.810,train
sock-01420,chevron,navy,bamboo,right,small,27.0,860,0.80,0.900,train
sock-01421,argyle,yellow,wool,ambiguous,medium,28.9,883,0.09,0.570,train
sock-01422,plain,black,cotton,left,large,30.8,906,0.38,0.790,train
sock-01423,dots,green,modal,right,xl,32.7,929,0.67,0.570,train
sock-01424,stripes,burgundy,linen,ambiguous,small,34.6,952,0.96,0.510,train
sock-01425,tiny-stars,charcoal,polyblend,left,medium,36.5,975,0.25,0.820,train
sock-01426,ribbed,teal,bamboo,right,large,38.4,998,0.54,0.820,train
sock-01427,heather,white,wool,ambiguous,xl,40.3,1021,0.83,0.560,train
sock-01428,chevron,coral,cotton,left,small,42.2,1044,0.12,0.640,train
sock-01429,argyle,lavender,modal,right,medium,44.1,1067,0.41,0.530,train
sock-01430,plain,navy,linen,ambiguous,large,46.0,1090,0.70,0.680,train
sock-01431,dots,yellow,polyblend,left,xl,47.9,1113,0.99,0.830,train
sock-01432,stripes,black,bamboo,right,small,49.8,1136,0.28,0.920,train
sock-01433,tiny-stars,green,wool,ambiguous,medium,51.7,1159,0.57,0.640,train
sock-01434,ribbed,burgundy,cotton,left,large,53.6,1182,0.86,0.650,train
sock-01435,heather,charcoal,modal,right,xl,55.5,1205,0.15,0.590,train
sock-01436,chevron,teal,linen,ambiguous,small,57.4,1228,0.44,0.530,train
sock-01437,argyle,white,polyblend,left,medium,59.3,1251,0.73,0.720,train
sock-01438,plain,coral,bamboo,right,large,61.2,1274,0.02,0.910,train
sock-01439,dots,lavender,wool,ambiguous,xl,63.1,1297,0.31,0.650,train
sock-01440,stripes,navy,cotton,left,small,65.0,1320,0.60,0.750,train
sock-01441,tiny-stars,yellow,modal,right,medium,66.9,1343,0.89,0.600,train
sock-01442,ribbed,black,linen,ambiguous,large,68.8,1366,0.18,0.630,train
sock-01443,heather,green,polyblend,left,xl,70.7,1389,0.47,0.480,train
sock-01444,chevron,burgundy,bamboo,right,small,72.6,1412,0.76,0.850,train
sock-01445,argyle,charcoal,wool,ambiguous,medium,25.5,1435,0.05,0.610,train
sock-01446,plain,teal,cotton,left,large,27.4,1458,0.34,0.740,train
sock-01447,dots,white,modal,right,xl,29.3,1481,0.63,0.540,train
sock-01448,stripes,coral,linen,ambiguous,small,31.2,604,0.92,0.550,train
sock-01449,tiny-stars,lavender,polyblend,left,medium,33.1,627,0.21,0.490,train
sock-01450,ribbed,navy,bamboo,right,large,35.0,650,0.50,0.950,train
sock-01451,heather,yellow,wool,ambiguous,xl,36.9,673,0.79,0.670,train
sock-01452,chevron,black,cotton,left,small,38.8,696,0.08,0.770,train
sock-01453,argyle,green,modal,right,medium,40.7,719,0.37,0.570,train
sock-01454,plain,burgundy,linen,ambiguous,large,42.6,742,0.66,0.630,train
sock-01455,dots,charcoal,polyblend,left,xl,44.5,765,0.95,0.500,train
sock-01456,stripes,teal,bamboo,right,small,46.4,788,0.24,0.870,train
sock-01457,tiny-stars,white,wool,ambiguous,medium,48.3,811,0.53,0.610,train
sock-01458,ribbed,coral,cotton,left,large,50.2,834,0.82,0.690,train
sock-01459,heather,lavender,modal,right,xl,52.1,857,0.11,0.630,train
sock-01460,chevron,navy,linen,ambiguous,small,54.0,880,0.40,0.660,train
sock-01461,argyle,yellow,polyblend,left,medium,55.9,903,0.69,0.460,train
sock-01462,plain,black,bamboo,right,large,57.8,926,0.98,0.990,train
sock-01463,dots,green,wool,ambiguous,xl,59.7,949,0.27,0.690,train
sock-01464,stripes,burgundy,cotton,left,small,61.6,972,0.56,0.700,train
sock-01465,tiny-stars,charcoal,modal,right,medium,63.5,995,0.85,0.640,train
sock-01466,ribbed,teal,linen,ambiguous,large,65.4,1018,0.14,0.580,train
sock-01467,heather,white,polyblend,left,xl,67.3,1041,0.43,0.450,train
sock-01468,chevron,coral,bamboo,right,small,69.2,1064,0.72,0.890,train
sock-01469,argyle,lavender,wool,ambiguous,medium,71.1,1087,0.01,0.650,train
sock-01470,plain,navy,cotton,left,large,24.0,1110,0.30,0.870,train
sock-01471,dots,yellow,modal,right,xl,25.9,1133,0.59,0.650,train
sock-01472,stripes,black,linen,ambiguous,small,27.8,1156,0.88,0.680,train
sock-01473,tiny-stars,green,polyblend,left,medium,29.7,1179,0.17,0.530,train
sock-01474,ribbed,burgundy,bamboo,right,large,31.6,1202,0.46,0.900,train
sock-01475,heather,charcoal,wool,ambiguous,xl,33.5,1225,0.75,0.710,train
sock-01476,chevron,teal,cotton,left,small,35.4,1248,0.04,0.720,train
sock-01477,argyle,white,modal,right,medium,37.3,1271,0.33,0.540,train
sock-01478,plain,coral,linen,ambiguous,large,39.2,1294,0.62,0.670,train
sock-01479,dots,lavender,polyblend,left,xl,41.1,1317,0.91,0.540,train
sock-01480,stripes,navy,bamboo,right,small,43.0,1340,0.20,0.630,train
sock-01481,tiny-stars,yellow,wool,ambiguous,medium,44.9,1363,0.49,0.720,train
sock-01482,ribbed,black,cotton,left,large,46.8,1386,0.78,0.820,train
sock-01483,heather,green,modal,right,xl,48.7,1409,0.07,0.670,train
sock-01484,chevron,burgundy,linen,ambiguous,small,50.6,1432,0.36,0.610,train
sock-01485,argyle,charcoal,polyblend,left,medium,52.5,1455,0.65,0.500,train
sock-01486,plain,teal,bamboo,right,large,54.4,1478,0.94,0.620,train
sock-01487,dots,white,wool,ambiguous,xl,56.3,601,0.23,0.660,train
sock-01488,stripes,coral,cotton,left,small,58.2,624,0.52,0.740,train
sock-01489,tiny-stars,lavender,modal,right,medium,60.1,647,0.81,0.680,train
sock-01490,ribbed,navy,linen,ambiguous,large,62.0,670,0.10,0.710,train
sock-01491,heather,yellow,polyblend,left,xl,63.9,693,0.39,0.560,train
sock-01492,chevron,black,bamboo,right,small,65.8,716,0.68,0.650,train
sock-01493,argyle,green,wool,ambiguous,medium,67.7,739,0.97,0.690,train
sock-01494,plain,burgundy,cotton,left,large,69.6,762,0.26,0.820,train
sock-01495,dots,charcoal,modal,right,xl,71.5,785,0.55,0.690,train
sock-01496,stripes,teal,linen,ambiguous,small,24.4,808,0.84,0.630,train
sock-01497,tiny-stars,white,polyblend,left,medium,26.3,831,0.13,0.500,train
sock-01498,ribbed,coral,bamboo,right,large,28.2,854,0.42,0.570,train
sock-01499,heather,lavender,wool,ambiguous,xl,30.1,877,0.71,0.750,train
sock-01500,chevron,navy,cotton,left,small,32.0,900,0.00,0.850,train
sock-01501,argyle,yellow,modal,right,medium,33.9,923,0.29,0.650,train
sock-01502,plain,black,linen,ambiguous,large,35.8,946,0.58,0.800,train
sock-01503,dots,green,polyblend,left,xl,37.7,969,0.87,0.580,train
sock-01504,stripes,burgundy,bamboo,right,small,39.6,992,0.16,0.580,train
sock-01505,tiny-stars,charcoal,wool,ambiguous,medium,41.5,1015,0.45,0.760,train
sock-01506,ribbed,teal,cotton,left,large,43.4,1038,0.74,0.770,train
sock-01507,heather,white,modal,right,xl,45.3,1061,0.03,0.640,train
sock-01508,chevron,coral,linen,ambiguous,small,47.2,1084,0.32,0.650,train
sock-01509,argyle,lavender,polyblend,left,medium,49.1,1107,0.61,0.540,train
sock-01510,plain,navy,bamboo,right,large,51.0,1130,0.90,0.750,train
sock-01511,dots,yellow,wool,ambiguous,xl,52.9,1153,0.19,0.770,train
sock-01512,stripes,black,cotton,left,small,54.8,1176,0.48,0.870,train
sock-01513,tiny-stars,green,modal,right,medium,56.7,1199,0.77,0.720,train
sock-01514,ribbed,burgundy,linen,ambiguous,large,58.6,1222,0.06,0.660,train
sock-01515,heather,charcoal,polyblend,left,xl,60.5,1245,0.35,0.600,train
sock-01516,chevron,teal,bamboo,right,small,62.4,1268,0.64,0.600,train
sock-01517,argyle,white,wool,ambiguous,medium,64.3,1291,0.93,0.290,train
sock-01518,plain,coral,cotton,left,large,66.2,1314,0.22,0.860,train
sock-01519,dots,lavender,modal,right,xl,68.1,1337,0.51,0.730,train
sock-01520,stripes,navy,linen,ambiguous,small,70.0,1360,0.80,0.760,train
sock-01521,tiny-stars,yellow,polyblend,left,medium,71.9,1383,0.09,0.610,train
sock-01522,ribbed,black,bamboo,right,large,24.8,1406,0.38,0.700,train
sock-01523,heather,green,wool,ambiguous,xl,26.7,1429,0.67,0.420,train
sock-01524,chevron,burgundy,cotton,left,small,28.6,1452,0.96,0.800,train
sock-01525,argyle,charcoal,modal,right,medium,30.5,1475,0.25,0.690,train
sock-01526,plain,teal,linen,ambiguous,large,32.4,1498,0.54,0.750,train
sock-01527,dots,white,polyblend,left,xl,34.3,621,0.83,0.550,train
sock-01528,stripes,coral,bamboo,right,small,36.2,644,0.12,0.620,train
sock-01529,tiny-stars,lavender,wool,ambiguous,medium,38.1,667,0.41,0.430,train
sock-01530,ribbed,navy,cotton,left,large,40.0,690,0.70,0.900,train
sock-01531,heather,yellow,modal,right,xl,41.9,713,0.99,0.750,train
sock-01532,chevron,black,linen,ambiguous,small,43.8,736,0.28,0.780,train
sock-01533,argyle,green,polyblend,left,medium,45.7,759,0.57,0.580,train
sock-01534,plain,burgundy,bamboo,right,large,47.6,782,0.86,0.700,train
sock-01535,dots,charcoal,wool,ambiguous,xl,49.5,805,0.15,0.440,train
sock-01536,stripes,teal,cotton,left,small,51.4,828,0.44,0.820,train
sock-01537,tiny-stars,white,modal,right,medium,53.3,851,0.73,0.690,train
sock-01538,ribbed,coral,linen,ambiguous,large,55.2,874,0.02,0.700,train
sock-01539,heather,lavender,polyblend,left,xl,57.1,897,0.31,0.640,train
sock-01540,chevron,navy,bamboo,right,small,59.0,920,0.60,0.730,train
sock-01541,argyle,yellow,wool,ambiguous,medium,60.9,943,0.89,0.400,train
sock-01542,plain,black,cotton,left,large,62.8,966,0.18,0.990,train
sock-01543,dots,green,modal,right,xl,64.7,989,0.47,0.770,train
sock-01544,stripes,burgundy,linen,ambiguous,small,66.6,1012,0.76,0.710,train
sock-01545,tiny-stars,charcoal,polyblend,left,medium,68.5,1035,0.05,0.650,train
sock-01546,ribbed,teal,bamboo,right,large,70.4,1058,0.34,0.650,train
sock-01547,heather,white,wool,ambiguous,xl,72.3,1081,0.63,0.390,train
sock-01548,chevron,coral,cotton,left,small,25.2,1104,0.92,0.840,train
sock-01549,argyle,lavender,modal,right,medium,27.1,1127,0.21,0.730,train
sock-01550,plain,navy,linen,ambiguous,large,29.0,1150,0.50,0.880,train
sock-01551,dots,yellow,polyblend,left,xl,30.9,1173,0.79,0.660,train
sock-01552,stripes,black,bamboo,right,small,32.8,1196,0.08,0.750,train
sock-01553,tiny-stars,green,wool,ambiguous,medium,34.7,1219,0.37,0.470,train
sock-01554,ribbed,burgundy,cotton,left,large,36.6,1242,0.66,0.480,train
sock-01555,heather,charcoal,modal,right,xl,38.5,1265,0.95,0.790,train
sock-01556,chevron,teal,linen,ambiguous,small,40.4,1288,0.24,0.730,train
sock-01557,argyle,white,polyblend,left,medium,42.3,1311,0.53,0.550,train
sock-01558,plain,coral,bamboo,right,large,44.2,1334,0.82,0.740,train
sock-01559,dots,lavender,wool,ambiguous,xl,46.1,1357,0.11,0.480,train
sock-01560,stripes,navy,cotton,left,small,48.0,1380,0.40,0.580,train
sock-01561,tiny-stars,yellow,modal,right,medium,49.9,1403,0.69,0.800,train
sock-01562,ribbed,black,linen,ambiguous,large,51.8,1426,0.98,0.830,train
sock-01563,heather,green,polyblend,left,xl,53.7,1449,0.27,0.680,train
sock-01564,chevron,burgundy,bamboo,right,small,55.6,1472,0.56,0.680,train
sock-01565,argyle,charcoal,wool,ambiguous,medium,57.5,1495,0.85,0.440,train
sock-01566,plain,teal,cotton,left,large,59.4,618,0.14,0.570,train
sock-01567,dots,white,modal,right,xl,61.3,641,0.43,0.740,train
sock-01568,stripes,coral,linen,ambiguous,small,63.2,664,0.72,0.750,train
sock-01569,tiny-stars,lavender,polyblend,left,medium,65.1,687,0.01,0.690,train
sock-01570,ribbed,navy,bamboo,right,large,67.0,710,0.30,0.780,train
sock-01571,heather,yellow,wool,ambiguous,xl,68.9,733,0.59,0.500,train
sock-01572,chevron,black,cotton,left,small,70.8,756,0.88,0.600,train
sock-01573,argyle,green,modal,right,medium,72.7,779,0.17,0.770,train
sock-01574,plain,burgundy,linen,ambiguous,large,25.6,802,0.46,0.830,train
sock-01575,dots,charcoal,polyblend,left,xl,27.5,825,0.75,0.700,train
sock-01576,stripes,teal,bamboo,right,small,29.4,848,0.04,0.700,train
sock-01577,tiny-stars,white,wool,ambiguous,medium,31.3,871,0.33,0.440,train
sock-01578,ribbed,coral,cotton,left,large,33.2,894,0.62,0.520,train
sock-01579,heather,lavender,modal,right,xl,35.1,917,0.91,0.830,train
sock-01580,chevron,navy,linen,ambiguous,small,37.0,940,0.20,0.860,train
sock-01581,argyle,yellow,polyblend,left,medium,38.9,963,0.49,0.660,train
sock-01582,plain,black,bamboo,right,large,40.8,986,0.78,0.870,train
sock-01583,dots,green,wool,ambiguous,xl,42.7,1009,0.07,0.520,train
sock-01584,stripes,burgundy,cotton,left,small,44.6,1032,0.36,0.530,train
sock-01585,tiny-stars,charcoal,modal,right,medium,46.5,1055,0.65,0.840,train
sock-01586,ribbed,teal,linen,ambiguous,large,48.4,1078,0.94,0.780,train
sock-01587,heather,white,polyblend,left,xl,50.3,1101,0.23,0.650,train
sock-01588,chevron,coral,bamboo,right,small,52.2,1124,0.52,0.720,train
sock-01589,argyle,lavender,wool,ambiguous,medium,54.1,1147,0.81,0.480,train
sock-01590,plain,navy,cotton,left,large,56.0,1170,0.10,0.700,train
sock-01591,dots,yellow,modal,right,xl,57.9,1193,0.39,0.480,train
sock-01592,stripes,black,linen,ambiguous,small,59.8,1216,0.68,0.880,train
sock-01593,tiny-stars,green,polyblend,left,medium,61.7,1239,0.97,0.730,train
sock-01594,ribbed,burgundy,bamboo,right,large,63.6,1262,0.26,0.730,train
sock-01595,heather,charcoal,wool,ambiguous,xl,65.5,1285,0.55,0.540,train
sock-01596,chevron,teal,cotton,left,small,67.4,1308,0.84,0.550,train
sock-01597,argyle,white,modal,right,medium,69.3,1331,0.13,0.370,train
sock-01598,plain,coral,linen,ambiguous,large,71.2,1354,0.42,0.870,train
sock-01599,dots,lavender,polyblend,left,xl,24.1,1377,0.71,0.740,train
sock-01600,stripes,navy,bamboo,right,small,26.0,1400,0.00,0.830,train
sock-01601,tiny-stars,yellow,wool,ambiguous,medium,27.9,1423,0.29,0.550,train
sock-01602,ribbed,black,cotton,left,large,29.8,1446,0.58,0.650,train
sock-01603,heather,green,modal,right,xl,31.7,1469,0.87,0.500,train
sock-01604,chevron,burgundy,linen,ambiguous,small,33.6,1492,0.16,0.810,train
sock-01605,argyle,charcoal,polyblend,left,medium,35.5,615,0.45,0.700,train
sock-01606,plain,teal,bamboo,right,large,37.4,638,0.74,0.820,train
sock-01607,dots,white,wool,ambiguous,xl,39.3,661,0.03,0.490,train
sock-01608,stripes,coral,cotton,left,small,41.2,684,0.32,0.570,train
sock-01609,tiny-stars,lavender,modal,right,medium,43.1,707,0.61,0.510,train
sock-01610,ribbed,navy,linen,ambiguous,large,45.0,730,0.90,0.910,train
sock-01611,heather,yellow,polyblend,left,xl,46.9,753,0.19,0.760,train
sock-01612,chevron,black,bamboo,right,small,48.8,776,0.48,0.850,train
sock-01613,argyle,green,wool,ambiguous,medium,50.7,799,0.77,0.520,train
sock-01614,plain,burgundy,cotton,left,large,52.6,822,0.06,0.650,train
sock-01615,dots,charcoal,modal,right,xl,54.5,845,0.35,0.520,train
sock-01616,stripes,teal,linen,ambiguous,small,56.4,868,0.64,0.830,train
sock-01617,tiny-stars,white,polyblend,left,medium,58.3,891,0.93,0.700,train
sock-01618,ribbed,coral,bamboo,right,large,60.2,914,0.22,0.770,train
sock-01619,heather,lavender,wool,ambiguous,xl,62.1,937,0.51,0.580,train
sock-01620,chevron,navy,cotton,left,small,64.0,960,0.80,0.680,train
sock-01621,argyle,yellow,modal,right,medium,65.9,983,0.09,0.480,train
sock-01622,plain,black,linen,ambiguous,large,67.8,1006,0.38,0.990,train
sock-01623,dots,green,polyblend,left,xl,69.7,1029,0.67,0.780,train
sock-01624,stripes,burgundy,bamboo,right,small,71.6,1052,0.96,0.780,train
sock-01625,tiny-stars,charcoal,wool,ambiguous,medium,24.5,1075,0.25,0.590,train
sock-01626,ribbed,teal,cotton,left,large,26.4,1098,0.54,0.600,train
sock-01627,heather,white,modal,right,xl,28.3,1121,0.83,0.470,train
sock-01628,chevron,coral,linen,ambiguous,small,30.2,1144,0.12,0.480,train
sock-01629,argyle,lavender,polyblend,left,medium,32.1,1167,0.41,0.740,train
sock-01630,plain,navy,bamboo,right,large,34.0,1190,0.70,0.950,train
sock-01631,dots,yellow,wool,ambiguous,xl,35.9,1213,0.99,0.600,train
sock-01632,stripes,black,cotton,left,small,37.8,1236,0.28,0.700,train
sock-01633,tiny-stars,green,modal,right,medium,39.7,1259,0.57,0.550,train
sock-01634,ribbed,burgundy,linen,ambiguous,large,41.6,1282,0.86,0.490,train
sock-01635,heather,charcoal,polyblend,left,xl,43.5,1305,0.15,0.800,train
sock-01636,chevron,teal,bamboo,right,small,45.4,1328,0.44,0.800,train
sock-01637,argyle,white,wool,ambiguous,medium,47.3,1351,0.73,0.490,train
sock-01638,plain,coral,cotton,left,large,49.2,1374,0.02,0.690,train
sock-01639,dots,lavender,modal,right,xl,51.1,1397,0.31,0.560,train
sock-01640,stripes,navy,linen,ambiguous,small,53.0,1420,0.60,0.590,train
sock-01641,tiny-stars,yellow,polyblend,left,medium,54.9,1443,0.89,0.810,train
sock-01642,ribbed,black,bamboo,right,large,56.8,1466,0.18,0.900,train
sock-01643,heather,green,wool,ambiguous,xl,58.7,1489,0.47,0.620,train
sock-01644,chevron,burgundy,cotton,left,small,60.6,612,0.76,0.630,train
sock-01645,argyle,charcoal,modal,right,medium,62.5,635,0.05,0.520,train
sock-01646,plain,teal,linen,ambiguous,large,64.4,658,0.34,0.580,train
sock-01647,dots,white,polyblend,left,xl,66.3,681,0.63,0.750,train
sock-01648,stripes,coral,bamboo,right,small,68.2,704,0.92,0.820,train
sock-01649,tiny-stars,lavender,wool,ambiguous,medium,70.1,727,0.21,0.630,train
sock-01650,ribbed,navy,cotton,left,large,72.0,750,0.50,0.730,train
sock-01651,heather,yellow,modal,right,xl,24.9,773,0.79,0.580,train
sock-01652,chevron,black,linen,ambiguous,small,26.8,796,0.08,0.610,train
sock-01653,argyle,green,polyblend,left,medium,28.7,819,0.37,0.780,train
sock-01654,plain,burgundy,bamboo,right,large,30.6,842,0.66,0.900,train
sock-01655,dots,charcoal,wool,ambiguous,xl,32.5,865,0.95,0.640,train
sock-01656,stripes,teal,cotton,left,small,34.4,888,0.24,0.650,train
sock-01657,tiny-stars,white,modal,right,medium,36.3,911,0.53,0.520,train
sock-01658,ribbed,coral,linen,ambiguous,large,38.2,934,0.82,0.530,train
sock-01659,heather,lavender,polyblend,left,xl,40.1,957,0.11,0.840,train
sock-01660,chevron,navy,bamboo,right,small,42.0,980,0.40,0.930,train
sock-01661,argyle,yellow,wool,ambiguous,medium,43.9,1003,0.69,0.600,train
sock-01662,plain,black,cotton,left,large,45.8,1026,0.98,0.820,train
sock-01663,dots,green,modal,right,xl,47.7,1049,0.27,0.600,train
sock-01664,stripes,burgundy,linen,ambiguous,small,49.6,1072,0.56,0.540,train
sock-01665,tiny-stars,charcoal,polyblend,left,medium,51.5,1095,0.85,0.480,train
sock-01666,ribbed,teal,bamboo,right,large,53.4,1118,0.14,0.850,train
sock-01667,heather,white,wool,ambiguous,xl,55.3,1141,0.43,0.590,train
sock-01668,chevron,coral,cotton,left,small,57.2,1164,0.72,0.670,train
sock-01669,argyle,lavender,modal,right,medium,59.1,1187,0.01,0.560,train
sock-01670,plain,navy,linen,ambiguous,large,61.0,1210,0.30,0.710,train
sock-01671,dots,yellow,polyblend,left,xl,62.9,1233,0.59,0.490,train
sock-01672,stripes,black,bamboo,right,small,64.8,1256,0.88,0.950,train
sock-01673,tiny-stars,green,wool,ambiguous,medium,66.7,1279,0.17,0.670,train
sock-01674,ribbed,burgundy,cotton,left,large,68.6,1302,0.46,0.680,train
sock-01675,heather,charcoal,modal,right,xl,70.5,1325,0.75,0.620,train
sock-01676,chevron,teal,linen,ambiguous,small,72.4,1348,0.04,0.560,train
sock-01677,argyle,white,polyblend,left,medium,25.3,1371,0.33,0.380,train
sock-01678,plain,coral,bamboo,right,large,27.2,1394,0.62,0.940,train
sock-01679,dots,lavender,wool,ambiguous,xl,29.1,1417,0.91,0.680,train
sock-01680,stripes,navy,cotton,left,small,31.0,1440,0.20,0.780,train
sock-01681,tiny-stars,yellow,modal,right,medium,32.9,1463,0.49,0.630,train
sock-01682,ribbed,black,linen,ambiguous,large,34.8,1486,0.78,0.660,train
sock-01683,heather,green,polyblend,left,xl,36.7,609,0.07,0.510,train
sock-01684,chevron,burgundy,bamboo,right,small,38.6,632,0.36,0.880,train
sock-01685,argyle,charcoal,wool,ambiguous,medium,40.5,655,0.65,0.640,train
sock-01686,plain,teal,cotton,left,large,42.4,678,0.94,0.770,train
sock-01687,dots,white,modal,right,xl,44.3,701,0.23,0.570,train
sock-01688,stripes,coral,linen,ambiguous,small,46.2,724,0.52,0.580,train
sock-01689,tiny-stars,lavender,polyblend,left,medium,48.1,747,0.81,0.520,train
sock-01690,ribbed,navy,bamboo,right,large,50.0,770,0.10,0.980,train
sock-01691,heather,yellow,wool,ambiguous,xl,51.9,793,0.39,0.700,train
sock-01692,chevron,black,cotton,left,small,53.8,816,0.68,0.800,train
sock-01693,argyle,green,modal,right,medium,55.7,839,0.97,0.600,train
sock-01694,plain,burgundy,linen,ambiguous,large,57.6,862,0.26,0.660,train
sock-01695,dots,charcoal,polyblend,left,xl,59.5,885,0.55,0.530,train
sock-01696,stripes,teal,bamboo,right,small,61.4,908,0.84,0.900,train
sock-01697,tiny-stars,white,wool,ambiguous,medium,63.3,931,0.13,0.640,train
sock-01698,ribbed,coral,cotton,left,large,65.2,954,0.42,0.720,train
sock-01699,heather,lavender,modal,right,xl,67.1,977,0.71,0.660,train
sock-01700,chevron,navy,linen,ambiguous,small,69.0,1000,0.00,0.690,train
sock-01701,argyle,yellow,polyblend,left,medium,70.9,1023,0.29,0.490,train
sock-01702,plain,black,bamboo,right,large,72.8,1046,0.58,0.700,train
sock-01703,dots,green,wool,ambiguous,xl,25.7,1069,0.87,0.720,train
sock-01704,stripes,burgundy,cotton,left,small,27.6,1092,0.16,0.730,train
sock-01705,tiny-stars,charcoal,modal,right,medium,29.5,1115,0.45,0.670,train
sock-01706,ribbed,teal,linen,ambiguous,large,31.4,1138,0.74,0.610,train
sock-01707,heather,white,polyblend,left,xl,33.3,1161,0.03,0.480,train
sock-01708,chevron,coral,bamboo,right,small,35.2,1184,0.32,0.550,train
sock-01709,argyle,lavender,wool,ambiguous,medium,37.1,1207,0.61,0.680,train
sock-01710,plain,navy,cotton,left,large,39.0,1230,0.90,0.900,train
sock-01711,dots,yellow,modal,right,xl,40.9,1253,0.19,0.680,train
sock-01712,stripes,black,linen,ambiguous,small,42.8,1276,0.48,0.710,train
sock-01713,tiny-stars,green,polyblend,left,medium,44.7,1299,0.77,0.560,train
sock-01714,ribbed,burgundy,bamboo,right,large,46.6,1322,0.06,0.560,train
sock-01715,heather,charcoal,wool,ambiguous,xl,48.5,1345,0.35,0.740,train
sock-01716,chevron,teal,cotton,left,small,50.4,1368,0.64,0.750,train
sock-01717,argyle,white,modal,right,medium,52.3,1391,0.93,0.570,train
sock-01718,plain,coral,linen,ambiguous,large,54.2,1414,0.22,0.700,train
sock-01719,dots,lavender,polyblend,left,xl,56.1,1437,0.51,0.570,train
sock-01720,stripes,navy,bamboo,right,small,58.0,1460,0.80,0.660,train
sock-01721,tiny-stars,yellow,wool,ambiguous,medium,59.9,1483,0.09,0.750,train
sock-01722,ribbed,black,cotton,left,large,61.8,606,0.38,0.850,train
sock-01723,heather,green,modal,right,xl,63.7,629,0.67,0.700,train
sock-01724,chevron,burgundy,linen,ambiguous,small,65.6,652,0.96,0.640,train
sock-01725,argyle,charcoal,polyblend,left,medium,67.5,675,0.25,0.530,train
sock-01726,plain,teal,bamboo,right,large,69.4,698,0.54,0.650,train
sock-01727,dots,white,wool,ambiguous,xl,71.3,721,0.83,0.690,train
sock-01728,stripes,coral,cotton,left,small,24.2,744,0.12,0.770,train
sock-01729,tiny-stars,lavender,modal,right,medium,26.1,767,0.41,0.710,train
sock-01730,ribbed,navy,linen,ambiguous,large,28.0,790,0.70,0.740,train
sock-01731,heather,yellow,polyblend,left,xl,29.9,813,0.99,0.590,train
sock-01732,chevron,black,bamboo,right,small,31.8,836,0.28,0.680,train
sock-01733,argyle,green,wool,ambiguous,medium,33.7,859,0.57,0.720,train
sock-01734,plain,burgundy,cotton,left,large,35.6,882,0.86,0.850,train
sock-01735,dots,charcoal,modal,right,xl,37.5,905,0.15,0.720,train
sock-01736,stripes,teal,linen,ambiguous,small,39.4,928,0.44,0.660,train
sock-01737,tiny-stars,white,polyblend,left,medium,41.3,951,0.73,0.530,train
sock-01738,ribbed,coral,bamboo,right,large,43.2,974,0.02,0.600,train
sock-01739,heather,lavender,wool,ambiguous,xl,45.1,997,0.31,0.410,train
sock-01740,chevron,navy,cotton,left,small,47.0,1020,0.60,0.880,train
sock-01741,argyle,yellow,modal,right,medium,48.9,1043,0.89,0.680,train
sock-01742,plain,black,linen,ambiguous,large,50.8,1066,0.18,0.830,train
sock-01743,dots,green,polyblend,left,xl,52.7,1089,0.47,0.610,train
sock-01744,stripes,burgundy,bamboo,right,small,54.6,1112,0.76,0.610,train
sock-01745,tiny-stars,charcoal,wool,ambiguous,medium,56.5,1135,0.05,0.420,train
sock-01746,ribbed,teal,cotton,left,large,58.4,1158,0.34,0.800,train
sock-01747,heather,white,modal,right,xl,60.3,1181,0.63,0.670,train
sock-01748,chevron,coral,linen,ambiguous,small,62.2,1204,0.92,0.680,train
sock-01749,argyle,lavender,polyblend,left,medium,64.1,1227,0.21,0.570,train
sock-01750,plain,navy,bamboo,right,large,66.0,1250,0.50,0.780,train
sock-01751,dots,yellow,wool,ambiguous,xl,67.9,1273,0.79,0.430,train
sock-01752,stripes,black,cotton,left,small,69.8,1296,0.08,0.900,train
sock-01753,tiny-stars,green,modal,right,medium,71.7,1319,0.37,0.750,train
sock-01754,ribbed,burgundy,linen,ambiguous,large,24.6,1342,0.66,0.690,train
sock-01755,heather,charcoal,polyblend,left,xl,26.5,1365,0.95,0.630,train
sock-01756,chevron,teal,bamboo,right,small,28.4,1388,0.24,0.630,train
sock-01757,argyle,white,wool,ambiguous,medium,30.3,1411,0.53,0.320,train
sock-01758,plain,coral,cotton,left,large,32.2,1434,0.82,0.890,train
sock-01759,dots,lavender,modal,right,xl,34.1,1457,0.11,0.760,train
sock-01760,stripes,navy,linen,ambiguous,small,36.0,1480,0.40,0.790,train
sock-01761,tiny-stars,yellow,polyblend,left,medium,37.9,603,0.69,0.640,train
sock-01762,ribbed,black,bamboo,right,large,39.8,626,0.98,0.730,train
sock-01763,heather,green,wool,ambiguous,xl,41.7,649,0.27,0.450,train
sock-01764,chevron,burgundy,cotton,left,small,43.6,672,0.56,0.830,train
sock-01765,argyle,charcoal,modal,right,medium,45.5,695,0.85,0.720,train
sock-01766,plain,teal,linen,ambiguous,large,47.4,718,0.14,0.780,train
sock-01767,dots,white,polyblend,left,xl,49.3,741,0.43,0.580,train
sock-01768,stripes,coral,bamboo,right,small,51.2,764,0.72,0.650,train
sock-01769,tiny-stars,lavender,wool,ambiguous,medium,53.1,787,0.01,0.460,train
sock-01770,ribbed,navy,cotton,left,large,55.0,810,0.30,0.930,train
sock-01771,heather,yellow,modal,right,xl,56.9,833,0.59,0.780,train
sock-01772,chevron,black,linen,ambiguous,small,58.8,856,0.88,0.810,train
sock-01773,argyle,green,polyblend,left,medium,60.7,879,0.17,0.610,train
sock-01774,plain,burgundy,bamboo,right,large,62.6,902,0.46,0.730,train
sock-01775,dots,charcoal,wool,ambiguous,xl,64.5,925,0.75,0.470,train
sock-01776,stripes,teal,cotton,left,small,66.4,948,0.04,0.480,train
sock-01777,tiny-stars,white,modal,right,medium,68.3,971,0.33,0.720,train
sock-01778,ribbed,coral,linen,ambiguous,large,70.2,994,0.62,0.730,train
sock-01779,heather,lavender,polyblend,left,xl,72.1,1017,0.91,0.670,train
sock-01780,chevron,navy,bamboo,right,small,25.0,1040,0.20,0.760,train
sock-01781,argyle,yellow,wool,ambiguous,medium,26.9,1063,0.49,0.430,train
sock-01782,plain,black,cotton,left,large,28.8,1086,0.78,0.650,train
sock-01783,dots,green,modal,right,xl,30.7,1109,0.07,0.800,train
sock-01784,stripes,burgundy,linen,ambiguous,small,32.6,1132,0.36,0.740,train
sock-01785,tiny-stars,charcoal,polyblend,left,medium,34.5,1155,0.65,0.680,train
sock-01786,ribbed,teal,bamboo,right,large,36.4,1178,0.94,0.680,train
sock-01787,heather,white,wool,ambiguous,xl,38.3,1201,0.23,0.420,train
sock-01788,chevron,coral,cotton,left,small,40.2,1224,0.52,0.500,train
sock-01789,argyle,lavender,modal,right,medium,42.1,1247,0.81,0.760,train
sock-01790,plain,navy,linen,ambiguous,large,44.0,1270,0.10,0.910,train
sock-01791,dots,yellow,polyblend,left,xl,45.9,1293,0.39,0.690,train
sock-01792,stripes,black,bamboo,right,small,47.8,1316,0.68,0.780,train
sock-01793,tiny-stars,green,wool,ambiguous,medium,49.7,1339,0.97,0.500,train
sock-01794,ribbed,burgundy,cotton,left,large,51.6,1362,0.26,0.510,train
sock-01795,heather,charcoal,modal,right,xl,53.5,1385,0.55,0.820,train
sock-01796,chevron,teal,linen,ambiguous,small,55.4,1408,0.84,0.760,train
sock-01797,argyle,white,polyblend,left,medium,57.3,1431,0.13,0.580,train
sock-01798,plain,coral,bamboo,right,large,59.2,1454,0.42,0.770,train
sock-01799,dots,lavender,wool,ambiguous,xl,61.1,1477,0.71,0.510,train
sock-01800,stripes,navy,cotton,left,small,63.0,600,0.00,0.610,train
sock-01801,tiny-stars,yellow,modal,right,medium,64.9,623,0.29,0.830,train
sock-01802,ribbed,black,linen,ambiguous,large,66.8,646,0.58,0.860,train
sock-01803,heather,green,polyblend,left,xl,68.7,669,0.87,0.710,train
sock-01804,chevron,burgundy,bamboo,right,small,70.6,692,0.16,0.710,train
sock-01805,argyle,charcoal,wool,ambiguous,medium,72.5,715,0.45,0.470,train
sock-01806,plain,teal,cotton,left,large,25.4,738,0.74,0.600,train
sock-01807,dots,white,modal,right,xl,27.3,761,0.03,0.770,train
sock-01808,stripes,coral,linen,ambiguous,small,29.2,784,0.32,0.780,train
sock-01809,tiny-stars,lavender,polyblend,left,medium,31.1,807,0.61,0.720,train
sock-01810,ribbed,navy,bamboo,right,large,33.0,830,0.90,0.810,train
sock-01811,heather,yellow,wool,ambiguous,xl,34.9,853,0.19,0.530,train
sock-01812,chevron,black,cotton,left,small,36.8,876,0.48,0.630,train
sock-01813,argyle,green,modal,right,medium,38.7,899,0.77,0.430,train
sock-01814,plain,burgundy,linen,ambiguous,large,40.6,922,0.06,0.860,train
sock-01815,dots,charcoal,polyblend,left,xl,42.5,945,0.35,0.730,train
sock-01816,stripes,teal,bamboo,right,small,44.4,968,0.64,0.730,train
sock-01817,tiny-stars,white,wool,ambiguous,medium,46.3,991,0.93,0.470,train
sock-01818,ribbed,coral,cotton,left,large,48.2,1014,0.22,0.550,train
sock-01819,heather,lavender,modal,right,xl,50.1,1037,0.51,0.490,train
sock-01820,chevron,navy,linen,ambiguous,small,52.0,1060,0.80,0.890,train
sock-01821,argyle,yellow,polyblend,left,medium,53.9,1083,0.09,0.690,train
sock-01822,plain,black,bamboo,right,large,55.8,1106,0.38,0.900,train
sock-01823,dots,green,wool,ambiguous,xl,57.7,1129,0.67,0.550,train
sock-01824,stripes,burgundy,cotton,left,small,59.6,1152,0.96,0.560,train
sock-01825,tiny-stars,charcoal,modal,right,medium,61.5,1175,0.25,0.500,train
sock-01826,ribbed,teal,linen,ambiguous,large,63.4,1198,0.54,0.810,train
sock-01827,heather,white,polyblend,left,xl,65.3,1221,0.83,0.680,train
sock-01828,chevron,coral,bamboo,right,small,67.2,1244,0.12,0.750,train
sock-01829,argyle,lavender,wool,ambiguous,medium,69.1,1267,0.41,0.510,train
sock-01830,plain,navy,cotton,left,large,71.0,1290,0.70,0.730,train
sock-01831,dots,yellow,modal,right,xl,72.9,1313,0.99,0.510,train
sock-01832,stripes,black,linen,ambiguous,small,25.8,1336,0.28,0.910,train
sock-01833,tiny-stars,green,polyblend,left,medium,27.7,1359,0.57,0.760,train
sock-01834,ribbed,burgundy,bamboo,right,large,29.6,1382,0.86,0.760,train
sock-01835,heather,charcoal,wool,ambiguous,xl,31.5,1405,0.15,0.570,train
sock-01836,chevron,teal,cotton,left,small,33.4,1428,0.44,0.580,train
sock-01837,argyle,white,modal,right,medium,35.3,1451,0.73,0.400,train
sock-01838,plain,coral,linen,ambiguous,large,37.2,1474,0.02,0.900,train
sock-01839,dots,lavender,polyblend,left,xl,39.1,1497,0.31,0.770,train
sock-01840,stripes,navy,bamboo,right,small,41.0,620,0.60,0.860,train
sock-01841,tiny-stars,yellow,wool,ambiguous,medium,42.9,643,0.89,0.580,train
sock-01842,ribbed,black,cotton,left,large,44.8,666,0.18,0.680,train
sock-01843,heather,green,modal,right,xl,46.7,689,0.47,0.530,train
sock-01844,chevron,burgundy,linen,ambiguous,small,48.6,712,0.76,0.840,train
sock-01845,argyle,charcoal,polyblend,left,medium,50.5,735,0.05,0.730,train
sock-01846,plain,teal,bamboo,right,large,52.4,758,0.34,0.850,train
sock-01847,dots,white,wool,ambiguous,xl,54.3,781,0.63,0.520,train
sock-01848,stripes,coral,cotton,left,small,56.2,804,0.92,0.600,train
sock-01849,tiny-stars,lavender,modal,right,medium,58.1,827,0.21,0.540,train
sock-01850,ribbed,navy,linen,ambiguous,large,60.0,850,0.50,0.570,train
sock-01851,heather,yellow,polyblend,left,xl,61.9,873,0.79,0.790,train
sock-01852,chevron,black,bamboo,right,small,63.8,896,0.08,0.880,train
sock-01853,argyle,green,wool,ambiguous,medium,65.7,919,0.37,0.550,train
sock-01854,plain,burgundy,cotton,left,large,67.6,942,0.66,0.680,train
sock-01855,dots,charcoal,modal,right,xl,69.5,965,0.95,0.550,train
sock-01856,stripes,teal,linen,ambiguous,small,71.4,988,0.24,0.490,train
sock-01857,tiny-stars,white,polyblend,left,medium,24.3,1011,0.53,0.730,train
sock-01858,ribbed,coral,bamboo,right,large,26.2,1034,0.82,0.800,train
sock-01859,heather,lavender,wool,ambiguous,xl,28.1,1057,0.11,0.610,train
sock-01860,chevron,navy,cotton,left,small,30.0,1080,0.40,0.710,train
sock-01861,argyle,yellow,modal,right,medium,31.9,1103,0.69,0.510,train
sock-01862,plain,black,linen,ambiguous,large,33.8,1126,0.98,0.660,train
sock-01863,dots,green,polyblend,left,xl,35.7,1149,0.27,0.810,train
sock-01864,stripes,burgundy,bamboo,right,small,37.6,1172,0.56,0.810,train
sock-01865,tiny-stars,charcoal,wool,ambiguous,medium,39.5,1195,0.85,0.620,train
sock-01866,ribbed,teal,cotton,left,large,41.4,1218,0.14,0.630,train
sock-01867,heather,white,modal,right,xl,43.3,1241,0.43,0.500,train
sock-01868,chevron,coral,linen,ambiguous,small,45.2,1264,0.72,0.510,train
sock-01869,argyle,lavender,polyblend,left,medium,47.1,1287,0.01,0.770,train
sock-01870,plain,navy,bamboo,right,large,49.0,1310,0.30,0.980,train
sock-01871,dots,yellow,wool,ambiguous,xl,50.9,1333,0.59,0.630,train
sock-01872,stripes,black,cotton,left,small,52.8,1356,0.88,0.730,train
sock-01873,tiny-stars,green,modal,right,medium,54.7,1379,0.17,0.580,train
sock-01874,ribbed,burgundy,linen,ambiguous,large,56.6,1402,0.46,0.520,train
sock-01875,heather,charcoal,polyblend,left,xl,58.5,1425,0.75,0.830,train
sock-01876,chevron,teal,bamboo,right,small,60.4,1448,0.04,0.830,train
sock-01877,argyle,white,wool,ambiguous,medium,62.3,1471,0.33,0.520,train
sock-01878,plain,coral,cotton,left,large,64.2,1494,0.62,0.720,train
sock-01879,dots,lavender,modal,right,xl,66.1,617,0.91,0.590,train
sock-01880,stripes,navy,linen,ambiguous,small,68.0,640,0.20,0.620,train
sock-01881,tiny-stars,yellow,polyblend,left,medium,69.9,663,0.49,0.840,train
sock-01882,ribbed,black,bamboo,right,large,71.8,686,0.78,0.930,train
sock-01883,heather,green,wool,ambiguous,xl,24.7,709,0.07,0.650,train
sock-01884,chevron,burgundy,cotton,left,small,26.6,732,0.36,0.660,train
sock-01885,argyle,charcoal,modal,right,medium,28.5,755,0.65,0.550,train
sock-01886,plain,teal,linen,ambiguous,large,30.4,778,0.94,0.610,train
sock-01887,dots,white,polyblend,left,xl,32.3,801,0.23,0.410,train
sock-01888,stripes,coral,bamboo,right,small,34.2,824,0.52,0.850,train
sock-01889,tiny-stars,lavender,wool,ambiguous,medium,36.1,847,0.81,0.660,train
sock-01890,ribbed,navy,cotton,left,large,38.0,870,0.10,0.760,train
sock-01891,heather,yellow,modal,right,xl,39.9,893,0.39,0.610,train
sock-01892,chevron,black,linen,ambiguous,small,41.8,916,0.68,0.640,train
sock-01893,argyle,green,polyblend,left,medium,43.7,939,0.97,0.440,train
sock-01894,plain,burgundy,bamboo,right,large,45.6,962,0.26,0.930,train
sock-01895,dots,charcoal,wool,ambiguous,xl,47.5,985,0.55,0.670,train
sock-01896,stripes,teal,cotton,left,small,49.4,1008,0.84,0.680,train
sock-01897,tiny-stars,white,modal,right,medium,51.3,1031,0.13,0.550,train
sock-01898,ribbed,coral,linen,ambiguous,large,53.2,1054,0.42,0.560,train
sock-01899,heather,lavender,polyblend,left,xl,55.1,1077,0.71,0.500,train
sock-01900,chevron,navy,bamboo,right,small,57.0,1100,0.00,0.960,train
sock-01901,argyle,yellow,wool,ambiguous,medium,58.9,1123,0.29,0.630,train
sock-01902,plain,black,cotton,left,large,60.8,1146,0.58,0.850,train
sock-01903,dots,green,modal,right,xl,62.7,1169,0.87,0.630,train
sock-01904,stripes,burgundy,linen,ambiguous,small,64.6,1192,0.16,0.570,train
sock-01905,tiny-stars,charcoal,polyblend,left,medium,66.5,1215,0.45,0.510,train
sock-01906,ribbed,teal,bamboo,right,large,68.4,1238,0.74,0.880,train
sock-01907,heather,white,wool,ambiguous,xl,70.3,1261,0.03,0.620,train
sock-01908,chevron,coral,cotton,left,small,72.2,1284,0.32,0.700,train
sock-01909,argyle,lavender,modal,right,medium,25.1,1307,0.61,0.590,train
sock-01910,plain,navy,linen,ambiguous,large,27.0,1330,0.90,0.740,train
sock-01911,dots,yellow,polyblend,left,xl,28.9,1353,0.19,0.520,train
sock-01912,stripes,black,bamboo,right,small,30.8,1376,0.48,0.980,train
sock-01913,tiny-stars,green,wool,ambiguous,medium,32.7,1399,0.77,0.700,train
sock-01914,ribbed,burgundy,cotton,left,large,34.6,1422,0.06,0.710,train
sock-01915,heather,charcoal,modal,right,xl,36.5,1445,0.35,0.650,train
sock-01916,chevron,teal,linen,ambiguous,small,38.4,1468,0.64,0.590,train
sock-01917,argyle,white,polyblend,left,medium,40.3,1491,0.93,0.410,train
sock-01918,plain,coral,bamboo,right,large,42.2,614,0.22,0.970,train
sock-01919,dots,lavender,wool,ambiguous,xl,44.1,637,0.51,0.710,train
sock-01920,stripes,navy,cotton,left,small,46.0,660,0.80,0.810,train
sock-01921,tiny-stars,yellow,modal,right,medium,47.9,683,0.09,0.660,train
sock-01922,ribbed,black,linen,ambiguous,large,49.8,706,0.38,0.690,train
sock-01923,heather,green,polyblend,left,xl,51.7,729,0.67,0.540,train
sock-01924,chevron,burgundy,bamboo,right,small,53.6,752,0.96,0.540,train
sock-01925,argyle,charcoal,wool,ambiguous,medium,55.5,775,0.25,0.670,train
sock-01926,plain,teal,cotton,left,large,57.4,798,0.54,0.800,train
sock-01927,dots,white,modal,right,xl,59.3,821,0.83,0.600,train
sock-01928,stripes,coral,linen,ambiguous,small,61.2,844,0.12,0.610,train
sock-01929,tiny-stars,lavender,polyblend,left,medium,63.1,867,0.41,0.550,train
sock-01930,ribbed,navy,bamboo,right,large,65.0,890,0.70,0.640,train
sock-01931,heather,yellow,wool,ambiguous,xl,66.9,913,0.99,0.730,train
sock-01932,chevron,black,cotton,left,small,68.8,936,0.28,0.830,train
sock-01933,argyle,green,modal,right,medium,70.7,959,0.57,0.630,train
sock-01934,plain,burgundy,linen,ambiguous,large,72.6,982,0.86,0.690,train
sock-01935,dots,charcoal,polyblend,left,xl,25.5,1005,0.15,0.560,train
sock-01936,stripes,teal,bamboo,right,small,27.4,1028,0.44,0.560,train
sock-01937,tiny-stars,white,wool,ambiguous,medium,29.3,1051,0.73,0.670,train
sock-01938,ribbed,coral,cotton,left,large,31.2,1074,0.02,0.750,train
sock-01939,heather,lavender,modal,right,xl,33.1,1097,0.31,0.690,train
sock-01940,chevron,navy,linen,ambiguous,small,35.0,1120,0.60,0.720,train
sock-01941,argyle,yellow,polyblend,left,medium,36.9,1143,0.89,0.520,train
sock-01942,plain,black,bamboo,right,large,38.8,1166,0.18,0.730,train
sock-01943,dots,green,wool,ambiguous,xl,40.7,1189,0.47,0.750,train
sock-01944,stripes,burgundy,cotton,left,small,42.6,1212,0.76,0.760,train
sock-01945,tiny-stars,charcoal,modal,right,medium,44.5,1235,0.05,0.700,train
sock-01946,ribbed,teal,linen,ambiguous,large,46.4,1258,0.34,0.640,train
sock-01947,heather,white,polyblend,left,xl,48.3,1281,0.63,0.510,train
sock-01948,chevron,coral,bamboo,right,small,50.2,1304,0.92,0.580,train
sock-01949,argyle,lavender,wool,ambiguous,medium,52.1,1327,0.21,0.710,train
sock-01950,plain,navy,cotton,left,large,54.0,1350,0.50,0.930,train
sock-01951,dots,yellow,modal,right,xl,55.9,1373,0.79,0.710,train
sock-01952,stripes,black,linen,ambiguous,small,57.8,1396,0.08,0.740,train
sock-01953,tiny-stars,green,polyblend,left,medium,59.7,1419,0.37,0.590,train
sock-01954,ribbed,burgundy,bamboo,right,large,61.6,1442,0.66,0.590,train
sock-01955,heather,charcoal,wool,ambiguous,xl,63.5,1465,0.95,0.770,train
sock-01956,chevron,teal,cotton,left,small,65.4,1488,0.24,0.780,train
sock-01957,argyle,white,modal,right,medium,67.3,611,0.53,0.600,train
sock-01958,plain,coral,linen,ambiguous,large,69.2,634,0.82,0.730,train
sock-01959,dots,lavender,polyblend,left,xl,71.1,657,0.11,0.600,train
sock-01960,stripes,navy,bamboo,right,small,24.0,680,0.40,0.690,train
sock-01961,tiny-stars,yellow,wool,ambiguous,medium,25.9,703,0.69,0.410,train
sock-01962,ribbed,black,cotton,left,large,27.8,726,0.98,0.880,train
sock-01963,heather,green,modal,right,xl,29.7,749,0.27,0.730,train
sock-01964,chevron,burgundy,linen,ambiguous,small,31.6,772,0.56,0.670,train
sock-01965,argyle,charcoal,polyblend,left,medium,33.5,795,0.85,0.560,train
sock-01966,plain,teal,bamboo,right,large,35.4,818,0.14,0.680,train
sock-01967,dots,white,wool,ambiguous,xl,37.3,841,0.43,0.350,train
sock-01968,stripes,coral,cotton,left,small,39.2,864,0.72,0.800,train
sock-01969,tiny-stars,lavender,modal,right,medium,41.1,887,0.01,0.740,train
sock-01970,ribbed,navy,linen,ambiguous,large,43.0,910,0.30,0.770,train
sock-01971,heather,yellow,polyblend,left,xl,44.9,933,0.59,0.620,train
sock-01972,chevron,black,bamboo,right,small,46.8,956,0.88,0.710,train
sock-01973,argyle,green,wool,ambiguous,medium,48.7,979,0.17,0.380,train
sock-01974,plain,burgundy,cotton,left,large,50.6,1002,0.46,0.880,train
sock-01975,dots,charcoal,modal,right,xl,52.5,1025,0.75,0.750,train
sock-01976,stripes,teal,linen,ambiguous,small,54.4,1048,0.04,0.690,train
sock-01977,tiny-stars,white,polyblend,left,medium,56.3,1071,0.33,0.560,train
sock-01978,ribbed,coral,bamboo,right,large,58.2,1094,0.62,0.630,train
sock-01979,heather,lavender,wool,ambiguous,xl,60.1,1117,0.91,0.440,train
sock-01980,chevron,navy,cotton,left,small,62.0,1140,0.20,0.910,train
sock-01981,argyle,yellow,modal,right,medium,63.9,1163,0.49,0.710,train
sock-01982,plain,black,linen,ambiguous,large,65.8,1186,0.78,0.860,train
sock-01983,dots,green,polyblend,left,xl,67.7,1209,0.07,0.640,train
sock-01984,stripes,burgundy,bamboo,right,small,69.6,1232,0.36,0.640,train
sock-01985,tiny-stars,charcoal,wool,ambiguous,medium,71.5,1255,0.65,0.450,train
sock-01986,ribbed,teal,cotton,left,large,24.4,1278,0.94,0.830,train
sock-01987,heather,white,modal,right,xl,26.3,1301,0.23,0.700,train
sock-01988,chevron,coral,linen,ambiguous,small,28.2,1324,0.52,0.710,train
sock-01989,argyle,lavender,polyblend,left,medium,30.1,1347,0.81,0.600,train
sock-01990,plain,navy,bamboo,right,large,32.0,1370,0.10,0.810,train
sock-01991,dots,yellow,wool,ambiguous,xl,33.9,1393,0.39,0.460,train
sock-01992,stripes,black,cotton,left,small,35.8,1416,0.68,0.930,train
sock-01993,tiny-stars,green,modal,right,medium,37.7,1439,0.97,0.780,train
sock-01994,ribbed,burgundy,linen,ambiguous,large,39.6,1462,0.26,0.720,train
sock-01995,heather,charcoal,polyblend,left,xl,41.5,1485,0.55,0.660,train
sock-01996,chevron,teal,bamboo,right,small,43.4,608,0.84,0.660,train
sock-01997,argyle,white,wool,ambiguous,medium,45.3,631,0.13,0.350,train
sock-01998,plain,coral,cotton,left,large,47.2,654,0.42,0.550,train
sock-01999,dots,lavender,modal,right,xl,49.1,677,0.71,0.790,train
sock-02000,stripes,navy,linen,ambiguous,small,51.0,700,0.00,0.820,train
sock-02001,tiny-stars,yellow,polyblend,left,medium,52.9,723,0.29,0.670,train
sock-02002,ribbed,black,bamboo,right,large,54.8,746,0.58,0.760,train
sock-02003,heather,green,wool,ambiguous,xl,56.7,769,0.87,0.480,train
sock-02004,chevron,burgundy,cotton,left,small,58.6,792,0.16,0.490,train
sock-02005,argyle,charcoal,modal,right,medium,60.5,815,0.45,0.750,train
sock-02006,plain,teal,linen,ambiguous,large,62.4,838,0.74,0.810,train
sock-02007,dots,white,polyblend,left,xl,64.3,861,0.03,0.610,train
sock-02008,stripes,coral,bamboo,right,small,66.2,884,0.32,0.680,train
sock-02009,tiny-stars,lavender,wool,ambiguous,medium,68.1,907,0.61,0.490,train
sock-02010,ribbed,navy,cotton,left,large,70.0,930,0.90,0.590,train
sock-02011,heather,yellow,modal,right,xl,71.9,953,0.19,0.810,train
sock-02012,chevron,black,linen,ambiguous,small,24.8,976,0.48,0.840,train
sock-02013,argyle,green,polyblend,left,medium,26.7,999,0.77,0.640,train
sock-02014,plain,burgundy,bamboo,right,large,28.6,1022,0.06,0.760,train
sock-02015,dots,charcoal,wool,ambiguous,xl,30.5,1045,0.35,0.500,train
sock-02016,stripes,teal,cotton,left,small,32.4,1068,0.64,0.510,train
sock-02017,tiny-stars,white,modal,right,medium,34.3,1091,0.93,0.750,train
sock-02018,ribbed,coral,linen,ambiguous,large,36.2,1114,0.22,0.760,train
sock-02019,heather,lavender,polyblend,left,xl,38.1,1137,0.51,0.700,train
sock-02020,chevron,navy,bamboo,right,small,40.0,1160,0.80,0.790,train
sock-02021,argyle,yellow,wool,ambiguous,medium,41.9,1183,0.09,0.460,train
sock-02022,plain,black,cotton,left,large,43.8,1206,0.38,0.680,train
sock-02023,dots,green,modal,right,xl,45.7,1229,0.67,0.830,train
sock-02024,stripes,burgundy,linen,ambiguous,small,47.6,1252,0.96,0.770,train
sock-02025,tiny-stars,charcoal,polyblend,left,medium,49.5,1275,0.25,0.710,train
sock-02026,ribbed,teal,bamboo,right,large,51.4,1298,0.54,0.710,train
sock-02027,heather,white,wool,ambiguous,xl,53.3,1321,0.83,0.450,train
sock-02028,chevron,coral,cotton,left,small,55.2,1344,0.12,0.530,train
sock-02029,argyle,lavender,modal,right,medium,57.1,1367,0.41,0.790,train
sock-02030,plain,navy,linen,ambiguous,large,59.0,1390,0.70,0.940,train
sock-02031,dots,yellow,polyblend,left,xl,60.9,1413,0.99,0.720,train
sock-02032,stripes,black,bamboo,right,small,62.8,1436,0.28,0.810,train
sock-02033,tiny-stars,green,wool,ambiguous,medium,64.7,1459,0.57,0.530,train
sock-02034,ribbed,burgundy,cotton,left,large,66.6,1482,0.86,0.540,train
sock-02035,heather,charcoal,modal,right,xl,68.5,605,0.15,0.480,train
sock-02036,chevron,teal,linen,ambiguous,small,70.4,628,0.44,0.790,train
sock-02037,argyle,white,polyblend,left,medium,72.3,651,0.73,0.610,train
sock-02038,plain,coral,bamboo,right,large,25.2,674,0.02,0.800,train
sock-02039,dots,lavender,wool,ambiguous,xl,27.1,697,0.31,0.540,train
sock-02040,stripes,navy,cotton,left,small,29.0,720,0.60,0.640,train
sock-02041,tiny-stars,yellow,modal,right,medium,30.9,743,0.89,0.490,train
sock-02042,ribbed,black,linen,ambiguous,large,32.8,766,0.18,0.890,train
sock-02043,heather,green,polyblend,left,xl,34.7,789,0.47,0.740,train
sock-02044,chevron,burgundy,bamboo,right,small,36.6,812,0.76,0.740,train
sock-02045,argyle,charcoal,wool,ambiguous,medium,38.5,835,0.05,0.500,train
sock-02046,plain,teal,cotton,left,large,40.4,858,0.34,0.630,train
sock-02047,dots,white,modal,right,xl,42.3,881,0.63,0.430,train
sock-02048,stripes,coral,linen,ambiguous,small,44.2,904,0.92,0.810,train
sock-02049,tiny-stars,lavender,polyblend,left,medium,46.1,927,0.21,0.750,train
sock-02050,ribbed,navy,bamboo,right,large,48.0,950,0.50,0.840,train
sock-02051,heather,yellow,wool,ambiguous,xl,49.9,973,0.79,0.560,train
sock-02052,chevron,black,cotton,left,small,51.8,996,0.08,0.660,train
sock-02053,argyle,green,modal,right,medium,53.7,1019,0.37,0.460,train
sock-02054,plain,burgundy,linen,ambiguous,large,55.6,1042,0.66,0.890,train
sock-02055,dots,charcoal,polyblend,left,xl,57.5,1065,0.95,0.760,train
sock-02056,stripes,teal,bamboo,right,small,59.4,1088,0.24,0.760,train
sock-02057,tiny-stars,white,wool,ambiguous,medium,61.3,1111,0.53,0.500,train
sock-02058,ribbed,coral,cotton,left,large,63.2,1134,0.82,0.580,train
sock-02059,heather,lavender,modal,right,xl,65.1,1157,0.11,0.520,train
sock-02060,chevron,navy,linen,ambiguous,small,67.0,1180,0.40,0.920,train
sock-02061,argyle,yellow,polyblend,left,medium,68.9,1203,0.69,0.720,train
sock-02062,plain,black,bamboo,right,large,70.8,1226,0.98,0.930,train
sock-02063,dots,green,wool,ambiguous,xl,72.7,1249,0.27,0.580,train
sock-02064,stripes,burgundy,cotton,left,small,25.6,1272,0.56,0.590,train
sock-02065,tiny-stars,charcoal,modal,right,medium,27.5,1295,0.85,0.530,train
sock-02066,ribbed,teal,linen,ambiguous,large,29.4,1318,0.14,0.840,train
sock-02067,heather,white,polyblend,left,xl,31.3,1341,0.43,0.710,train
sock-02068,chevron,coral,bamboo,right,small,33.2,1364,0.72,0.780,train
sock-02069,argyle,lavender,wool,ambiguous,medium,35.1,1387,0.01,0.540,train
sock-02070,plain,navy,cotton,left,large,37.0,1410,0.30,0.760,train
sock-02071,dots,yellow,modal,right,xl,38.9,1433,0.59,0.540,train
sock-02072,stripes,black,linen,ambiguous,small,40.8,1456,0.88,0.570,train
sock-02073,tiny-stars,green,polyblend,left,medium,42.7,1479,0.17,0.790,train
sock-02074,ribbed,burgundy,bamboo,right,large,44.6,602,0.46,0.790,train
sock-02075,heather,charcoal,wool,ambiguous,xl,46.5,625,0.75,0.600,train
sock-02076,chevron,teal,cotton,left,small,48.4,648,0.04,0.610,train
sock-02077,argyle,white,modal,right,medium,50.3,671,0.33,0.430,train
sock-02078,plain,coral,linen,ambiguous,large,52.2,694,0.62,0.560,train
sock-02079,dots,lavender,polyblend,left,xl,54.1,717,0.91,0.800,train
sock-02080,stripes,navy,bamboo,right,small,56.0,740,0.20,0.890,train
sock-02081,tiny-stars,yellow,wool,ambiguous,medium,57.9,763,0.49,0.610,train
sock-02082,ribbed,black,cotton,left,large,59.8,786,0.78,0.710,train
sock-02083,heather,green,modal,right,xl,61.7,809,0.07,0.560,train
sock-02084,chevron,burgundy,linen,ambiguous,small,63.6,832,0.36,0.500,train
sock-02085,argyle,charcoal,polyblend,left,medium,65.5,855,0.65,0.760,train
sock-02086,plain,teal,bamboo,right,large,67.4,878,0.94,0.880,train
sock-02087,dots,white,wool,ambiguous,xl,69.3,901,0.23,0.550,train
sock-02088,stripes,coral,cotton,left,small,71.2,924,0.52,0.630,train
sock-02089,tiny-stars,lavender,modal,right,medium,24.1,947,0.81,0.570,train
sock-02090,ribbed,navy,linen,ambiguous,large,26.0,970,0.10,0.600,train
sock-02091,heather,yellow,polyblend,left,xl,27.9,993,0.39,0.820,train
sock-02092,chevron,black,bamboo,right,small,29.8,1016,0.68,0.910,train
sock-02093,argyle,green,wool,ambiguous,medium,31.7,1039,0.97,0.580,train
sock-02094,plain,burgundy,cotton,left,large,33.6,1062,0.26,0.710,train
sock-02095,dots,charcoal,modal,right,xl,35.5,1085,0.55,0.580,train
sock-02096,stripes,teal,linen,ambiguous,small,37.4,1108,0.84,0.520,train
sock-02097,tiny-stars,white,polyblend,left,medium,39.3,1131,0.13,0.760,train
sock-02098,ribbed,coral,bamboo,right,large,41.2,1154,0.42,0.830,train
sock-02099,heather,lavender,wool,ambiguous,xl,43.1,1177,0.71,0.640,train
sock-02100,chevron,navy,cotton,left,small,45.0,1200,0.00,0.740,train
sock-02101,argyle,yellow,modal,right,medium,46.9,1223,0.29,0.540,train
sock-02102,plain,black,linen,ambiguous,large,48.8,1246,0.58,0.690,train
sock-02103,dots,green,polyblend,left,xl,50.7,1269,0.87,0.840,train
sock-02104,stripes,burgundy,bamboo,right,small,52.6,1292,0.16,0.840,train
sock-02105,tiny-stars,charcoal,wool,ambiguous,medium,54.5,1315,0.45,0.650,train
sock-02106,ribbed,teal,cotton,left,large,56.4,1338,0.74,0.660,train
sock-02107,heather,white,modal,right,xl,58.3,1361,0.03,0.530,train
sock-02108,chevron,coral,linen,ambiguous,small,60.2,1384,0.32,0.540,train
sock-02109,argyle,lavender,polyblend,left,medium,62.1,1407,0.61,0.430,train
sock-02110,plain,navy,bamboo,right,large,64.0,1430,0.90,0.990,train
sock-02111,dots,yellow,wool,ambiguous,xl,65.9,1453,0.19,0.660,train
sock-02112,stripes,black,cotton,left,small,67.8,1476,0.48,0.760,train
sock-02113,tiny-stars,green,modal,right,medium,69.7,1499,0.77,0.610,train
sock-02114,ribbed,burgundy,linen,ambiguous,large,71.6,622,0.06,0.550,train
sock-02115,heather,charcoal,polyblend,left,xl,24.5,645,0.35,0.490,train
sock-02116,chevron,teal,bamboo,right,small,26.4,668,0.64,0.860,train
sock-02117,argyle,white,wool,ambiguous,medium,28.3,691,0.93,0.550,train
sock-02118,plain,coral,cotton,left,large,30.2,714,0.22,0.750,train
sock-02119,dots,lavender,modal,right,xl,32.1,737,0.51,0.620,train
sock-02120,stripes,navy,linen,ambiguous,small,34.0,760,0.80,0.650,train
sock-02121,tiny-stars,yellow,polyblend,left,medium,35.9,783,0.09,0.500,train
sock-02122,ribbed,black,bamboo,right,large,37.8,806,0.38,0.960,train
sock-02123,heather,green,wool,ambiguous,xl,39.7,829,0.67,0.680,train
sock-02124,chevron,burgundy,cotton,left,small,41.6,852,0.96,0.690,train
sock-02125,argyle,charcoal,modal,right,medium,43.5,875,0.25,0.580,train
sock-02126,plain,teal,linen,ambiguous,large,45.4,898,0.54,0.640,train
sock-02127,dots,white,polyblend,left,xl,47.3,921,0.83,0.440,train
sock-02128,stripes,coral,bamboo,right,small,49.2,944,0.12,0.880,train
sock-02129,tiny-stars,lavender,wool,ambiguous,medium,51.1,967,0.41,0.690,train
sock-02130,ribbed,navy,cotton,left,large,53.0,990,0.70,0.790,train
sock-02131,heather,yellow,modal,right,xl,54.9,1013,0.99,0.640,train
sock-02132,chevron,black,linen,ambiguous,small,56.8,1036,0.28,0.670,train
sock-02133,argyle,green,polyblend,left,medium,58.7,1059,0.57,0.470,train
sock-02134,plain,burgundy,bamboo,right,large,60.6,1082,0.86,0.960,train
sock-02135,dots,charcoal,wool,ambiguous,xl,62.5,1105,0.15,0.700,train
sock-02136,stripes,teal,cotton,left,small,64.4,1128,0.44,0.710,train
sock-02137,tiny-stars,white,modal,right,medium,66.3,1151,0.73,0.580,train
sock-02138,ribbed,coral,linen,ambiguous,large,68.2,1174,0.02,0.590,train
sock-02139,heather,lavender,polyblend,left,xl,70.1,1197,0.31,0.530,train
sock-02140,chevron,navy,bamboo,right,small,72.0,1220,0.60,0.990,train
sock-02141,argyle,yellow,wool,ambiguous,medium,24.9,1243,0.89,0.660,train
sock-02142,plain,black,cotton,left,large,26.8,1266,0.18,0.880,train
sock-02143,dots,green,modal,right,xl,28.7,1289,0.47,0.660,train
sock-02144,stripes,burgundy,linen,ambiguous,small,30.6,1312,0.76,0.600,train
sock-02145,tiny-stars,charcoal,polyblend,left,medium,32.5,1335,0.05,0.540,train
sock-02146,ribbed,teal,bamboo,right,large,34.4,1358,0.34,0.540,train
sock-02147,heather,white,wool,ambiguous,xl,36.3,1381,0.63,0.650,train
sock-02148,chevron,coral,cotton,left,small,38.2,1404,0.92,0.730,train
sock-02149,argyle,lavender,modal,right,medium,40.1,1427,0.21,0.620,train
sock-02150,plain,navy,linen,ambiguous,large,42.0,1450,0.50,0.770,train
sock-02151,dots,yellow,polyblend,left,xl,43.9,1473,0.79,0.550,train
sock-02152,stripes,black,bamboo,right,small,45.8,1496,0.08,0.640,train
sock-02153,tiny-stars,green,wool,ambiguous,medium,47.7,619,0.37,0.730,train
sock-02154,ribbed,burgundy,cotton,left,large,49.6,642,0.66,0.740,train
sock-02155,heather,charcoal,modal,right,xl,51.5,665,0.95,0.680,train
sock-02156,chevron,teal,linen,ambiguous,small,53.4,688,0.24,0.620,train
sock-02157,argyle,white,polyblend,left,medium,55.3,711,0.53,0.440,train
sock-02158,plain,coral,bamboo,right,large,57.2,734,0.82,0.630,train
sock-02159,dots,lavender,wool,ambiguous,xl,59.1,757,0.11,0.740,train
sock-02160,stripes,navy,cotton,left,small,61.0,780,0.40,0.840,train
sock-02161,tiny-stars,yellow,modal,right,medium,62.9,803,0.69,0.690,train
sock-02162,ribbed,black,linen,ambiguous,large,64.8,826,0.98,0.720,train
sock-02163,heather,green,polyblend,left,xl,66.7,849,0.27,0.570,train
sock-02164,chevron,burgundy,bamboo,right,small,68.6,872,0.56,0.570,train
sock-02165,argyle,charcoal,wool,ambiguous,medium,70.5,895,0.85,0.700,train
sock-02166,plain,teal,cotton,left,large,72.4,918,0.14,0.830,train
sock-02167,dots,white,modal,right,xl,25.3,941,0.43,0.630,train
sock-02168,stripes,coral,linen,ambiguous,small,27.2,964,0.72,0.640,train
sock-02169,tiny-stars,lavender,polyblend,left,medium,29.1,987,0.01,0.580,train
sock-02170,ribbed,navy,bamboo,right,large,31.0,1010,0.30,0.670,train
sock-02171,heather,yellow,wool,ambiguous,xl,32.9,1033,0.59,0.760,train
sock-02172,chevron,black,cotton,left,small,34.8,1056,0.88,0.860,train
sock-02173,argyle,green,modal,right,medium,36.7,1079,0.17,0.660,train
sock-02174,plain,burgundy,linen,ambiguous,large,38.6,1102,0.46,0.720,train
sock-02175,dots,charcoal,polyblend,left,xl,40.5,1125,0.75,0.590,train
sock-02176,stripes,teal,bamboo,right,small,42.4,1148,0.04,0.590,train
sock-02177,tiny-stars,white,wool,ambiguous,medium,44.3,1171,0.33,0.700,train
sock-02178,ribbed,coral,cotton,left,large,46.2,1194,0.62,0.780,train
sock-02179,heather,lavender,modal,right,xl,48.1,1217,0.91,0.720,train
sock-02180,chevron,navy,linen,ambiguous,small,50.0,1240,0.20,0.750,train
sock-02181,argyle,yellow,polyblend,left,medium,51.9,1263,0.49,0.550,train
sock-02182,plain,black,bamboo,right,large,53.8,1286,0.78,0.760,train
sock-02183,dots,green,wool,ambiguous,xl,55.7,1309,0.07,0.410,train
sock-02184,stripes,burgundy,cotton,left,small,57.6,1332,0.36,0.790,train
sock-02185,tiny-stars,charcoal,modal,right,medium,59.5,1355,0.65,0.730,train
sock-02186,ribbed,teal,linen,ambiguous,large,61.4,1378,0.94,0.670,train
sock-02187,heather,white,polyblend,left,xl,63.3,1401,0.23,0.540,train
sock-02188,chevron,coral,bamboo,right,small,65.2,1424,0.52,0.610,train
sock-02189,argyle,lavender,wool,ambiguous,medium,67.1,1447,0.81,0.370,train
sock-02190,plain,navy,cotton,left,large,69.0,1470,0.10,0.960,train
sock-02191,dots,yellow,modal,right,xl,70.9,1493,0.39,0.740,train
sock-02192,stripes,black,linen,ambiguous,small,72.8,616,0.68,0.770,train
sock-02193,tiny-stars,green,polyblend,left,medium,25.7,639,0.97,0.620,train
sock-02194,ribbed,burgundy,bamboo,right,large,27.6,662,0.26,0.620,train
sock-02195,heather,charcoal,wool,ambiguous,xl,29.5,685,0.55,0.430,train
sock-02196,chevron,teal,cotton,left,small,31.4,708,0.84,0.810,train
sock-02197,argyle,white,modal,right,medium,33.3,731,0.13,0.630,train
sock-02198,plain,coral,linen,ambiguous,large,35.2,754,0.42,0.760,train
sock-02199,dots,lavender,polyblend,left,xl,37.1,777,0.71,0.630,train
sock-02200,stripes,navy,bamboo,right,small,39.0,800,0.00,0.720,train
sock-02201,tiny-stars,yellow,wool,ambiguous,medium,40.9,823,0.29,0.440,train
sock-02202,ribbed,black,cotton,left,large,42.8,846,0.58,0.910,train
sock-02203,heather,green,modal,right,xl,44.7,869,0.87,0.760,train
sock-02204,chevron,burgundy,linen,ambiguous,small,46.6,892,0.16,0.700,train
sock-02205,argyle,charcoal,polyblend,left,medium,48.5,915,0.45,0.590,train
sock-02206,plain,teal,bamboo,right,large,50.4,938,0.74,0.710,train
sock-02207,dots,white,wool,ambiguous,xl,52.3,961,0.03,0.380,train
sock-02208,stripes,coral,cotton,left,small,54.2,984,0.32,0.830,train
sock-02209,tiny-stars,lavender,modal,right,medium,56.1,1007,0.61,0.770,train
sock-02210,ribbed,navy,linen,ambiguous,large,58.0,1030,0.90,0.800,train
sock-02211,heather,yellow,polyblend,left,xl,59.9,1053,0.19,0.650,train
sock-02212,chevron,black,bamboo,right,small,61.8,1076,0.48,0.740,train
sock-02213,argyle,green,wool,ambiguous,medium,63.7,1099,0.77,0.410,train
sock-02214,plain,burgundy,cotton,left,large,65.6,1122,0.06,0.910,train
sock-02215,dots,charcoal,modal,right,xl,67.5,1145,0.35,0.780,train
sock-02216,stripes,teal,linen,ambiguous,small,69.4,1168,0.64,0.720,train
sock-02217,tiny-stars,white,polyblend,left,medium,71.3,1191,0.93,0.590,train
sock-02218,ribbed,coral,bamboo,right,large,24.2,1214,0.22,0.660,train
sock-02219,heather,lavender,wool,ambiguous,xl,26.1,1237,0.51,0.470,train
sock-02220,chevron,navy,cotton,left,small,28.0,1260,0.80,0.570,train
sock-02221,argyle,yellow,modal,right,medium,29.9,1283,0.09,0.740,train
sock-02222,plain,black,linen,ambiguous,large,31.8,1306,0.38,0.890,train
sock-02223,dots,green,polyblend,left,xl,33.7,1329,0.67,0.670,train
sock-02224,stripes,burgundy,bamboo,right,small,35.6,1352,0.96,0.670,train
sock-02225,tiny-stars,charcoal,wool,ambiguous,medium,37.5,1375,0.25,0.480,train
sock-02226,ribbed,teal,cotton,left,large,39.4,1398,0.54,0.490,train
sock-02227,heather,white,modal,right,xl,41.3,1421,0.83,0.730,train
sock-02228,chevron,coral,linen,ambiguous,small,43.2,1444,0.12,0.740,train
sock-02229,argyle,lavender,polyblend,left,medium,45.1,1467,0.41,0.630,train
sock-02230,plain,navy,bamboo,right,large,47.0,1490,0.70,0.840,train
sock-02231,dots,yellow,wool,ambiguous,xl,48.9,613,0.99,0.490,train
sock-02232,stripes,black,cotton,left,small,50.8,636,0.28,0.590,train
sock-02233,tiny-stars,green,modal,right,medium,52.7,659,0.57,0.810,train
sock-02234,ribbed,burgundy,linen,ambiguous,large,54.6,682,0.86,0.750,train
sock-02235,heather,charcoal,polyblend,left,xl,56.5,705,0.15,0.690,train
sock-02236,chevron,teal,bamboo,right,small,58.4,728,0.44,0.690,train
sock-02237,argyle,white,wool,ambiguous,medium,60.3,751,0.73,0.380,train
sock-02238,plain,coral,cotton,left,large,62.2,774,0.02,0.580,train
sock-02239,dots,lavender,modal,right,xl,64.1,797,0.31,0.820,train
sock-02240,stripes,navy,linen,ambiguous,small,66.0,820,0.60,0.850,train
sock-02241,tiny-stars,yellow,polyblend,left,medium,67.9,843,0.89,0.700,train
sock-02242,ribbed,black,bamboo,right,large,69.8,866,0.18,0.790,train
sock-02243,heather,green,wool,ambiguous,xl,71.7,889,0.47,0.510,train
sock-02244,chevron,burgundy,cotton,left,small,24.6,912,0.76,0.520,train
sock-02245,argyle,charcoal,modal,right,medium,26.5,935,0.05,0.780,train
sock-02246,plain,teal,linen,ambiguous,large,28.4,958,0.34,0.840,train
sock-02247,dots,white,polyblend,left,xl,30.3,981,0.63,0.640,train
sock-02248,stripes,coral,bamboo,right,small,32.2,1004,0.92,0.710,train
sock-02249,tiny-stars,lavender,wool,ambiguous,medium,34.1,1027,0.21,0.520,train
sock-02250,ribbed,navy,cotton,left,large,36.0,1050,0.50,0.620,train
sock-02251,heather,yellow,modal,right,xl,37.9,1073,0.79,0.840,train
sock-02252,chevron,black,linen,ambiguous,small,39.8,1096,0.08,0.870,train
sock-02253,argyle,green,polyblend,left,medium,41.7,1119,0.37,0.670,train
sock-02254,plain,burgundy,bamboo,right,large,43.6,1142,0.66,0.790,train
sock-02255,dots,charcoal,wool,ambiguous,xl,45.5,1165,0.95,0.530,train
sock-02256,stripes,teal,cotton,left,small,47.4,1188,0.24,0.540,train
sock-02257,tiny-stars,white,modal,right,medium,49.3,1211,0.53,0.410,train
sock-02258,ribbed,coral,linen,ambiguous,large,51.2,1234,0.82,0.790,train
sock-02259,heather,lavender,polyblend,left,xl,53.1,1257,0.11,0.730,train
sock-02260,chevron,navy,bamboo,right,small,55.0,1280,0.40,0.820,train
sock-02261,argyle,yellow,wool,ambiguous,medium,56.9,1303,0.69,0.490,train
sock-02262,plain,black,cotton,left,large,58.8,1326,0.98,0.710,train
sock-02263,dots,green,modal,right,xl,60.7,1349,0.27,0.490,train
sock-02264,stripes,burgundy,linen,ambiguous,small,62.6,1372,0.56,0.800,train
sock-02265,tiny-stars,charcoal,polyblend,left,medium,64.5,1395,0.85,0.740,train
sock-02266,ribbed,teal,bamboo,right,large,66.4,1418,0.14,0.740,train
sock-02267,heather,white,wool,ambiguous,xl,68.3,1441,0.43,0.480,train
sock-02268,chevron,coral,cotton,left,small,70.2,1464,0.72,0.560,train
sock-02269,argyle,lavender,modal,right,medium,72.1,1487,0.01,0.450,train
sock-02270,plain,navy,linen,ambiguous,large,25.0,610,0.30,0.970,train
sock-02271,dots,yellow,polyblend,left,xl,26.9,633,0.59,0.750,train
sock-02272,stripes,black,bamboo,right,small,28.8,656,0.88,0.840,train
sock-02273,tiny-stars,green,wool,ambiguous,medium,30.7,679,0.17,0.560,train
sock-02274,ribbed,burgundy,cotton,left,large,32.6,702,0.46,0.570,train
sock-02275,heather,charcoal,modal,right,xl,34.5,725,0.75,0.510,train
sock-02276,chevron,teal,linen,ambiguous,small,36.4,748,0.04,0.820,train
sock-02277,argyle,white,polyblend,left,medium,38.3,771,0.33,0.640,train
sock-02278,plain,coral,bamboo,right,large,40.2,794,0.62,0.830,train
sock-02279,dots,lavender,wool,ambiguous,xl,42.1,817,0.91,0.570,train
sock-02280,stripes,navy,cotton,left,small,44.0,840,0.20,0.670,train
sock-02281,tiny-stars,yellow,modal,right,medium,45.9,863,0.49,0.520,train
sock-02282,ribbed,black,linen,ambiguous,large,47.8,886,0.78,0.920,train
sock-02283,heather,green,polyblend,left,xl,49.7,909,0.07,0.770,train
sock-02284,chevron,burgundy,bamboo,right,small,51.6,932,0.36,0.770,train
sock-02285,argyle,charcoal,wool,ambiguous,medium,53.5,955,0.65,0.530,train
sock-02286,plain,teal,cotton,left,large,55.4,978,0.94,0.660,train
sock-02287,dots,white,modal,right,xl,57.3,1001,0.23,0.460,train
sock-02288,stripes,coral,linen,ambiguous,small,59.2,1024,0.52,0.840,train
sock-02289,tiny-stars,lavender,polyblend,left,medium,61.1,1047,0.81,0.780,train
sock-02290,ribbed,navy,bamboo,right,large,63.0,1070,0.10,0.870,train
sock-02291,heather,yellow,wool,ambiguous,xl,64.9,1093,0.39,0.590,train
sock-02292,chevron,black,cotton,left,small,66.8,1116,0.68,0.690,train
sock-02293,argyle,green,modal,right,medium,68.7,1139,0.97,0.490,train
sock-02294,plain,burgundy,linen,ambiguous,large,70.6,1162,0.26,0.550,train
sock-02295,dots,charcoal,polyblend,left,xl,72.5,1185,0.55,0.790,train
sock-02296,stripes,teal,bamboo,right,small,25.4,1208,0.84,0.790,train
sock-02297,tiny-stars,white,wool,ambiguous,medium,27.3,1231,0.13,0.530,train
sock-02298,ribbed,coral,cotton,left,large,29.2,1254,0.42,0.610,train
sock-02299,heather,lavender,modal,right,xl,31.1,1277,0.71,0.550,train
sock-02300,chevron,navy,linen,ambiguous,small,33.0,1300,0.00,0.580,train
sock-02301,argyle,yellow,polyblend,left,medium,34.9,1323,0.29,0.750,train
sock-02302,plain,black,bamboo,right,large,36.8,1346,0.58,0.960,train
sock-02303,dots,green,wool,ambiguous,xl,38.7,1369,0.87,0.610,train
sock-02304,stripes,burgundy,cotton,left,small,40.6,1392,0.16,0.620,train
sock-02305,tiny-stars,charcoal,modal,right,medium,42.5,1415,0.45,0.560,train
sock-02306,ribbed,teal,linen,ambiguous,large,44.4,1438,0.74,0.500,train
sock-02307,heather,white,polyblend,left,xl,46.3,1461,0.03,0.740,train
sock-02308,chevron,coral,bamboo,right,small,48.2,1484,0.32,0.810,train
sock-02309,argyle,lavender,wool,ambiguous,medium,50.1,607,0.61,0.570,train
sock-02310,plain,navy,cotton,left,large,52.0,630,0.90,0.790,train
sock-02311,dots,yellow,modal,right,xl,53.9,653,0.19,0.570,train
sock-02312,stripes,black,linen,ambiguous,small,55.8,676,0.48,0.600,train
sock-02313,tiny-stars,green,polyblend,left,medium,57.7,699,0.77,0.820,train
sock-02314,ribbed,burgundy,bamboo,right,large,59.6,722,0.06,0.820,train
sock-02315,heather,charcoal,wool,ambiguous,xl,61.5,745,0.35,0.630,train
sock-02316,chevron,teal,cotton,left,small,63.4,768,0.64,0.640,train
sock-02317,argyle,white,modal,right,medium,65.3,791,0.93,0.460,train
sock-02318,plain,coral,linen,ambiguous,large,67.2,814,0.22,0.590,train
sock-02319,dots,lavender,polyblend,left,xl,69.1,837,0.51,0.830,train
sock-02320,stripes,navy,bamboo,right,small,71.0,860,0.80,0.920,train
sock-02321,tiny-stars,yellow,wool,ambiguous,medium,72.9,883,0.09,0.640,train
sock-02322,ribbed,black,cotton,left,large,25.8,906,0.38,0.740,train
sock-02323,heather,green,modal,right,xl,27.7,929,0.67,0.590,train
sock-02324,chevron,burgundy,linen,ambiguous,small,29.6,952,0.96,0.530,train
sock-02325,argyle,charcoal,polyblend,left,medium,31.5,975,0.25,0.790,train
sock-02326,plain,teal,bamboo,right,large,33.4,998,0.54,0.910,train
sock-02327,dots,white,wool,ambiguous,xl,35.3,1021,0.83,0.580,train
sock-02328,stripes,coral,cotton,left,small,37.2,1044,0.12,0.660,train
sock-02329,tiny-stars,lavender,modal,right,medium,39.1,1067,0.41,0.600,train
sock-02330,ribbed,navy,linen,ambiguous,large,41.0,1090,0.70,0.630,train
sock-02331,heather,yellow,polyblend,left,xl,42.9,1113,0.99,0.480,train
sock-02332,chevron,black,bamboo,right,small,44.8,1136,0.28,0.940,train
sock-02333,argyle,green,wool,ambiguous,medium,46.7,1159,0.57,0.610,train
sock-02334,plain,burgundy,cotton,left,large,48.6,1182,0.86,0.740,train
sock-02335,dots,charcoal,modal,right,xl,50.5,1205,0.15,0.610,train
sock-02336,stripes,teal,linen,ambiguous,small,52.4,1228,0.44,0.550,train
sock-02337,tiny-stars,white,polyblend,left,medium,54.3,1251,0.73,0.420,train
sock-02338,ribbed,coral,bamboo,right,large,56.2,1274,0.02,0.860,train
sock-02339,heather,lavender,wool,ambiguous,xl,58.1,1297,0.31,0.670,train
sock-02340,chevron,navy,cotton,left,small,60.0,1320,0.60,0.770,train
sock-02341,argyle,yellow,modal,right,medium,61.9,1343,0.89,0.570,train
sock-02342,plain,black,linen,ambiguous,large,63.8,1366,0.18,0.720,train
sock-02343,dots,green,polyblend,left,xl,65.7,1389,0.47,0.500,train
sock-02344,stripes,burgundy,bamboo,right,small,67.6,1412,0.76,0.870,train
sock-02345,tiny-stars,charcoal,wool,ambiguous,medium,69.5,1435,0.05,0.680,train
sock-02346,ribbed,teal,cotton,left,large,71.4,1458,0.34,0.690,train
sock-02347,heather,white,modal,right,xl,24.3,1481,0.63,0.560,train
sock-02348,chevron,coral,linen,ambiguous,small,26.2,604,0.92,0.570,train
sock-02349,argyle,lavender,polyblend,left,medium,28.1,627,0.21,0.460,train
sock-02350,plain,navy,bamboo,right,large,30.0,650,0.50,0.990,train
sock-02351,dots,yellow,wool,ambiguous,xl,31.9,673,0.79,0.690,train
sock-02352,stripes,black,cotton,left,small,33.8,696,0.08,0.790,train
sock-02353,tiny-stars,green,modal,right,medium,35.7,719,0.37,0.640,train
sock-02354,ribbed,burgundy,linen,ambiguous,large,37.6,742,0.66,0.580,train
sock-02355,heather,charcoal,polyblend,left,xl,39.5,765,0.95,0.520,train
sock-02356,chevron,teal,bamboo,right,small,41.4,788,0.24,0.890,train
sock-02357,argyle,white,wool,ambiguous,medium,43.3,811,0.53,0.580,train
sock-02358,plain,coral,cotton,left,large,45.2,834,0.82,0.780,train
sock-02359,dots,lavender,modal,right,xl,47.1,857,0.11,0.650,train
sock-02360,stripes,navy,linen,ambiguous,small,49.0,880,0.40,0.680,train
sock-02361,tiny-stars,yellow,polyblend,left,medium,50.9,903,0.69,0.530,train
sock-02362,ribbed,black,bamboo,right,large,52.8,926,0.98,0.990,train
sock-02363,heather,green,wool,ambiguous,xl,54.7,949,0.27,0.710,train
sock-02364,chevron,burgundy,cotton,left,small,56.6,972,0.56,0.720,train
sock-02365,argyle,charcoal,modal,right,medium,58.5,995,0.85,0.610,train
sock-02366,plain,teal,linen,ambiguous,large,60.4,1018,0.14,0.670,train
sock-02367,dots,white,polyblend,left,xl,62.3,1041,0.43,0.470,train
sock-02368,stripes,coral,bamboo,right,small,64.2,1064,0.72,0.540,train
sock-02369,tiny-stars,lavender,wool,ambiguous,medium,66.1,1087,0.01,0.720,train
sock-02370,ribbed,navy,cotton,left,large,68.0,1110,0.30,0.820,train
sock-02371,heather,yellow,modal,right,xl,69.9,1133,0.59,0.670,train
sock-02372,chevron,black,linen,ambiguous,small,71.8,1156,0.88,0.700,train
sock-02373,argyle,green,polyblend,left,medium,24.7,1179,0.17,0.500,train
sock-02374,plain,burgundy,bamboo,right,large,26.6,1202,0.46,0.620,train
sock-02375,dots,charcoal,wool,ambiguous,xl,28.5,1225,0.75,0.730,train
sock-02376,stripes,teal,cotton,left,small,30.4,1248,0.04,0.740,train
sock-02377,tiny-stars,white,modal,right,medium,32.3,1271,0.33,0.610,train
sock-02378,ribbed,coral,linen,ambiguous,large,34.2,1294,0.62,0.620,train
sock-02379,heather,lavender,polyblend,left,xl,36.1,1317,0.91,0.560,train
sock-02380,chevron,navy,bamboo,right,small,38.0,1340,0.20,0.650,train
sock-02381,argyle,yellow,wool,ambiguous,medium,39.9,1363,0.49,0.690,train
sock-02382,plain,black,cotton,left,large,41.8,1386,0.78,0.910,train
sock-02383,dots,green,modal,right,xl,43.7,1409,0.07,0.690,train
sock-02384,stripes,burgundy,linen,ambiguous,small,45.6,1432,0.36,0.630,train
sock-02385,tiny-stars,charcoal,polyblend,left,medium,47.5,1455,0.65,0.570,train
sock-02386,ribbed,teal,bamboo,right,large,49.4,1478,0.94,0.570,train
sock-02387,heather,white,wool,ambiguous,xl,51.3,601,0.23,0.680,train
sock-02388,chevron,coral,cotton,left,small,53.2,624,0.52,0.760,train
sock-02389,argyle,lavender,modal,right,medium,55.1,647,0.81,0.650,train
sock-02390,plain,navy,linen,ambiguous,large,57.0,670,0.10,0.800,train
sock-02391,dots,yellow,polyblend,left,xl,58.9,693,0.39,0.580,train
sock-02392,stripes,black,bamboo,right,small,60.8,716,0.68,0.670,train
sock-02393,tiny-stars,green,wool,ambiguous,medium,62.7,739,0.97,0.760,train
sock-02394,ribbed,burgundy,cotton,left,large,64.6,762,0.26,0.770,train
sock-02395,heather,charcoal,modal,right,xl,66.5,785,0.55,0.710,train
sock-02396,chevron,teal,linen,ambiguous,small,68.4,808,0.84,0.650,train
sock-02397,argyle,white,polyblend,left,medium,70.3,831,0.13,0.470,train
sock-02398,plain,coral,bamboo,right,large,72.2,854,0.42,0.660,train
sock-02399,dots,lavender,wool,ambiguous,xl,25.1,877,0.71,0.770,train
sock-02400,stripes,navy,cotton,left,small,27.0,900,0.00,0.870,train
sock-02401,tiny-stars,yellow,modal,right,medium,28.9,923,0.29,0.720,train
sock-02402,ribbed,black,linen,ambiguous,large,30.8,946,0.58,0.750,train
sock-02403,heather,green,polyblend,left,xl,32.7,969,0.87,0.600,train
sock-02404,chevron,burgundy,bamboo,right,small,34.6,992,0.16,0.600,train
sock-02405,argyle,charcoal,wool,ambiguous,medium,36.5,1015,0.45,0.360,train
sock-02406,plain,teal,cotton,left,large,38.4,1038,0.74,0.860,train
sock-02407,dots,white,modal,right,xl,40.3,1061,0.03,0.660,train
sock-02408,stripes,coral,linen,ambiguous,small,42.2,1084,0.32,0.670,train
sock-02409,tiny-stars,lavender,polyblend,left,medium,44.1,1107,0.61,0.610,train
sock-02410,ribbed,navy,bamboo,right,large,46.0,1130,0.90,0.700,train
sock-02411,heather,yellow,wool,ambiguous,xl,47.9,1153,0.19,0.420,train
sock-02412,chevron,black,cotton,left,small,49.8,1176,0.48,0.890,train
sock-02413,argyle,green,modal,right,medium,51.7,1199,0.77,0.690,train
sock-02414,plain,burgundy,linen,ambiguous,large,53.6,1222,0.06,0.750,train
sock-02415,dots,charcoal,polyblend,left,xl,55.5,1245,0.35,0.620,train
sock-02416,stripes,teal,bamboo,right,small,57.4,1268,0.64,0.620,train
sock-02417,tiny-stars,white,wool,ambiguous,medium,59.3,1291,0.93,0.360,train
sock-02418,ribbed,coral,cotton,left,large,61.2,1314,0.22,0.810,train
sock-02419,heather,lavender,modal,right,xl,63.1,1337,0.51,0.750,train
sock-02420,chevron,navy,linen,ambiguous,small,65.0,1360,0.80,0.780,train
sock-02421,argyle,yellow,polyblend,left,medium,66.9,1383,0.09,0.580,train
sock-02422,plain,black,bamboo,right,large,68.8,1406,0.38,0.790,train
sock-02423,dots,green,wool,ambiguous,xl,70.7,1429,0.67,0.440,train
sock-02424,stripes,burgundy,cotton,left,small,72.6,1452,0.96,0.820,train
sock-02425,tiny-stars,charcoal,modal,right,medium,25.5,1475,0.25,0.760,train
sock-02426,ribbed,teal,linen,ambiguous,large,27.4,1498,0.54,0.700,train
sock-02427,heather,white,polyblend,left,xl,29.3,621,0.83,0.570,train
sock-02428,chevron,coral,bamboo,right,small,31.2,644,0.12,0.640,train
sock-02429,argyle,lavender,wool,ambiguous,medium,33.1,667,0.41,0.400,train
sock-02430,plain,navy,cotton,left,large,35.0,690,0.70,0.990,train
sock-02431,dots,yellow,modal,right,xl,36.9,713,0.99,0.770,train
sock-02432,stripes,black,linen,ambiguous,small,38.8,736,0.28,0.800,train
sock-02433,tiny-stars,green,polyblend,left,medium,40.7,759,0.57,0.650,train
sock-02434,ribbed,burgundy,bamboo,right,large,42.6,782,0.86,0.650,train
sock-02435,heather,charcoal,wool,ambiguous,xl,44.5,805,0.15,0.460,train
sock-02436,chevron,teal,cotton,left,small,46.4,828,0.44,0.840,train
sock-02437,argyle,white,modal,right,medium,48.3,851,0.73,0.660,train
sock-02438,plain,coral,linen,ambiguous,large,50.2,874,0.02,0.790,train
sock-02439,dots,lavender,polyblend,left,xl,52.1,897,0.31,0.660,train
sock-02440,stripes,navy,bamboo,right,small,54.0,920,0.60,0.750,train
sock-02441,tiny-stars,yellow,wool,ambiguous,medium,55.9,943,0.89,0.470,train
sock-02442,ribbed,black,cotton,left,large,57.8,966,0.18,0.570,train
sock-02443,heather,green,modal,right,xl,59.7,989,0.47,0.790,train
sock-02444,chevron,burgundy,linen,ambiguous,small,61.6,1012,0.76,0.730,train
sock-02445,argyle,charcoal,polyblend,left,medium,63.5,1035,0.05,0.620,train
sock-02446,plain,teal,bamboo,right,large,65.4,1058,0.34,0.740,train
sock-02447,dots,white,wool,ambiguous,xl,67.3,1081,0.63,0.410,train
sock-02448,stripes,coral,cotton,left,small,69.2,1104,0.92,0.490,train
sock-02449,tiny-stars,lavender,modal,right,medium,71.1,1127,0.21,0.800,train
sock-02450,ribbed,navy,linen,ambiguous,large,24.0,1150,0.50,0.830,train
sock-02451,heather,yellow,polyblend,left,xl,25.9,1173,0.79,0.680,train
sock-02452,chevron,black,bamboo,right,small,27.8,1196,0.08,0.770,train
sock-02453,argyle,green,wool,ambiguous,medium,29.7,1219,0.37,0.440,train
sock-02454,plain,burgundy,cotton,left,large,31.6,1242,0.66,0.570,train
sock-02455,dots,charcoal,modal,right,xl,33.5,1265,0.95,0.810,train
sock-02456,stripes,teal,linen,ambiguous,small,35.4,1288,0.24,0.750,train
sock-02457,tiny-stars,white,polyblend,left,medium,37.3,1311,0.53,0.620,train
sock-02458,ribbed,coral,bamboo,right,large,39.2,1334,0.82,0.690,train
sock-02459,heather,lavender,wool,ambiguous,xl,41.1,1357,0.11,0.500,train
sock-02460,chevron,navy,cotton,left,small,43.0,1380,0.40,0.600,train
sock-02461,argyle,yellow,modal,right,medium,44.9,1403,0.69,0.770,train
sock-02462,plain,black,linen,ambiguous,large,46.8,1426,0.98,0.920,train
sock-02463,dots,green,polyblend,left,xl,48.7,1449,0.27,0.700,train
sock-02464,stripes,burgundy,bamboo,right,small,50.6,1472,0.56,0.700,train
sock-02465,tiny-stars,charcoal,wool,ambiguous,medium,52.5,1495,0.85,0.510,train
sock-02466,ribbed,teal,cotton,left,large,54.4,618,0.14,0.520,train
sock-02467,heather,white,modal,right,xl,56.3,641,0.43,0.760,train
sock-02468,chevron,coral,linen,ambiguous,small,58.2,664,0.72,0.770,train
sock-02469,argyle,lavender,polyblend,left,medium,60.1,687,0.01,0.660,train
sock-02470,plain,navy,bamboo,right,large,62.0,710,0.30,0.870,train
sock-02471,dots,yellow,wool,ambiguous,xl,63.9,733,0.59,0.520,train
sock-02472,stripes,black,cotton,left,small,65.8,756,0.88,0.620,train
sock-02473,tiny-stars,green,modal,right,medium,67.7,779,0.17,0.840,train
sock-02474,ribbed,burgundy,linen,ambiguous,large,69.6,802,0.46,0.780,train
sock-02475,heather,charcoal,polyblend,left,xl,71.5,825,0.75,0.720,train
sock-02476,chevron,teal,bamboo,right,small,24.4,848,0.04,0.720,train
sock-02477,argyle,white,wool,ambiguous,medium,26.3,871,0.33,0.410,train
sock-02478,plain,coral,cotton,left,large,28.2,894,0.62,0.610,train
sock-02479,dots,lavender,modal,right,xl,30.1,917,0.91,0.480,train
sock-02480,stripes,navy,linen,ambiguous,small,32.0,940,0.20,0.880,train
sock-02481,tiny-stars,yellow,polyblend,left,medium,33.9,963,0.49,0.730,train
sock-02482,ribbed,black,bamboo,right,large,35.8,986,0.78,0.820,train
sock-02483,heather,green,wool,ambiguous,xl,37.7,1009,0.07,0.540,train
sock-02484,chevron,burgundy,cotton,left,small,39.6,1032,0.36,0.550,train
sock-02485,argyle,charcoal,modal,right,medium,41.5,1055,0.65,0.440,train
sock-02486,plain,teal,linen,ambiguous,large,43.4,1078,0.94,0.870,train
sock-02487,dots,white,polyblend,left,xl,45.3,1101,0.23,0.670,train
sock-02488,stripes,coral,bamboo,right,small,47.2,1124,0.52,0.740,train
sock-02489,tiny-stars,lavender,wool,ambiguous,medium,49.1,1147,0.81,0.550,train
sock-02490,ribbed,navy,cotton,left,large,51.0,1170,0.10,0.650,train
sock-02491,heather,yellow,modal,right,xl,52.9,1193,0.39,0.500,train
sock-02492,chevron,black,linen,ambiguous,small,54.8,1216,0.68,0.900,train
sock-02493,argyle,green,polyblend,left,medium,56.7,1239,0.97,0.700,train
sock-02494,plain,burgundy,bamboo,right,large,58.6,1262,0.26,0.820,train
sock-02495,dots,charcoal,wool,ambiguous,xl,60.5,1285,0.55,0.560,train
sock-02496,stripes,teal,cotton,left,small,62.4,1308,0.84,0.570,train
sock-02497,tiny-stars,white,modal,right,medium,64.3,1331,0.13,0.440,train
sock-02498,ribbed,coral,linen,ambiguous,large,66.2,1354,0.42,0.820,train
sock-02499,heather,lavender,polyblend,left,xl,68.1,1377,0.71,0.760,train
sock-02500,chevron,navy,bamboo,right,small,70.0,1400,0.00,0.850,train
sock-02501,argyle,yellow,wool,ambiguous,medium,71.9,1423,0.29,0.520,train
sock-02502,plain,black,cotton,left,large,24.8,1446,0.58,0.740,train
sock-02503,dots,green,modal,right,xl,26.7,1469,0.87,0.520,train
sock-02504,stripes,burgundy,linen,ambiguous,small,28.6,1492,0.16,0.830,train
sock-02505,tiny-stars,charcoal,polyblend,left,medium,30.5,615,0.45,0.770,train
sock-02506,ribbed,teal,bamboo,right,large,32.4,638,0.74,0.770,train
sock-02507,heather,white,wool,ambiguous,xl,34.3,661,0.03,0.510,train
sock-02508,chevron,coral,cotton,left,small,36.2,684,0.32,0.590,train
sock-02509,argyle,lavender,modal,right,medium,38.1,707,0.61,0.480,train
sock-02510,plain,navy,linen,ambiguous,large,40.0,730,0.90,0.990,train
sock-02511,dots,yellow,polyblend,left,xl,41.9,753,0.19,0.780,train
sock-02512,stripes,black,bamboo,right,small,43.8,776,0.48,0.870,train
sock-02513,tiny-stars,green,wool,ambiguous,medium,45.7,799,0.77,0.590,train
sock-02514,ribbed,burgundy,cotton,left,large,47.6,822,0.06,0.600,train
sock-02515,heather,charcoal,modal,right,xl,49.5,845,0.35,0.540,train
sock-02516,chevron,teal,linen,ambiguous,small,51.4,868,0.64,0.480,train
sock-02517,argyle,white,polyblend,left,medium,53.3,891,0.93,0.670,train
sock-02518,plain,coral,bamboo,right,large,55.2,914,0.22,0.860,train
sock-02519,dots,lavender,wool,ambiguous,xl,57.1,937,0.51,0.600,train
sock-02520,stripes,navy,cotton,left,small,59.0,960,0.80,0.700,train
sock-02521,tiny-stars,yellow,modal,right,medium,60.9,983,0.09,0.550,train
sock-02522,ribbed,black,linen,ambiguous,large,62.8,1006,0.38,0.580,train
sock-02523,heather,green,polyblend,left,xl,64.7,1029,0.67,0.800,train
sock-02524,chevron,burgundy,bamboo,right,small,66.6,1052,0.96,0.800,train
sock-02525,argyle,charcoal,wool,ambiguous,medium,68.5,1075,0.25,0.560,train
sock-02526,plain,teal,cotton,left,large,70.4,1098,0.54,0.690,train
sock-02527,dots,white,modal,right,xl,72.3,1121,0.83,0.490,train
sock-02528,stripes,coral,linen,ambiguous,small,25.2,1144,0.12,0.500,train
sock-02529,tiny-stars,lavender,polyblend,left,medium,27.1,1167,0.41,0.810,train
sock-02530,ribbed,navy,bamboo,right,large,29.0,1190,0.70,0.900,train
sock-02531,heather,yellow,wool,ambiguous,xl,30.9,1213,0.99,0.620,train
sock-02532,chevron,black,cotton,left,small,32.8,1236,0.28,0.720,train
sock-02533,argyle,green,modal,right,medium,34.7,1259,0.57,0.520,train
sock-02534,plain,burgundy,linen,ambiguous,large,36.6,1282,0.86,0.580,train
sock-02535,dots,charcoal,polyblend,left,xl,38.5,1305,0.15,0.820,train
sock-02536,stripes,teal,bamboo,right,small,40.4,1328,0.44,0.820,train
sock-02537,tiny-stars,white,wool,ambiguous,medium,42.3,1351,0.73,0.560,train
sock-02538,ribbed,coral,cotton,left,large,44.2,1374,0.02,0.640,train
sock-02539,heather,lavender,modal,right,xl,46.1,1397,0.31,0.580,train
sock-02540,chevron,navy,linen,ambiguous,small,48.0,1420,0.60,0.610,train
sock-02541,argyle,yellow,polyblend,left,medium,49.9,1443,0.89,0.780,train
sock-02542,plain,black,bamboo,right,large,51.8,1466,0.18,0.990,train
sock-02543,dots,green,wool,ambiguous,xl,53.7,1489,0.47,0.640,train
sock-02544,stripes,burgundy,cotton,left,small,55.6,612,0.76,0.650,train
sock-02545,tiny-stars,charcoal,modal,right,medium,57.5,635,0.05,0.590,train
sock-02546,ribbed,teal,linen,ambiguous,large,59.4,658,0.34,0.530,train
sock-02547,heather,white,polyblend,left,xl,61.3,681,0.63,0.770,train
sock-02548,chevron,coral,bamboo,right,small,63.2,704,0.92,0.840,train
sock-02549,argyle,lavender,wool,ambiguous,medium,65.1,727,0.21,0.600,train
sock-02550,plain,navy,cotton,left,large,67.0,750,0.50,0.820,train
sock-02551,dots,yellow,modal,right,xl,68.9,773,0.79,0.600,train
sock-02552,stripes,black,linen,ambiguous,small,70.8,796,0.08,0.630,train
sock-02553,tiny-stars,green,polyblend,left,medium,72.7,819,0.37,0.480,train
sock-02554,ribbed,burgundy,bamboo,right,large,25.6,842,0.66,0.850,train
sock-02555,heather,charcoal,wool,ambiguous,xl,27.5,865,0.95,0.660,train
sock-02556,chevron,teal,cotton,left,small,29.4,888,0.24,0.670,train
sock-02557,argyle,white,modal,right,medium,31.3,911,0.53,0.490,train
sock-02558,plain,coral,linen,ambiguous,large,33.2,934,0.82,0.620,train
sock-02559,dots,lavender,polyblend,left,xl,35.1,957,0.11,0.490,train
sock-02560,stripes,navy,bamboo,right,small,37.0,980,0.40,0.950,train
sock-02561,tiny-stars,yellow,wool,ambiguous,medium,38.9,1003,0.69,0.670,train
sock-02562,ribbed,black,cotton,left,large,40.8,1026,0.98,0.770,train
sock-02563,heather,green,modal,right,xl,42.7,1049,0.27,0.620,train
sock-02564,chevron,burgundy,linen,ambiguous,small,44.6,1072,0.56,0.560,train
sock-02565,argyle,charcoal,polyblend,left,medium,46.5,1095,0.85,0.450,train
sock-02566,plain,teal,bamboo,right,large,48.4,1118,0.14,0.940,train
sock-02567,dots,white,wool,ambiguous,xl,50.3,1141,0.43,0.610,train
sock-02568,stripes,coral,cotton,left,small,52.2,1164,0.72,0.690,train
sock-02569,tiny-stars,lavender,modal,right,medium,54.1,1187,0.01,0.630,train
sock-02570,ribbed,navy,linen,ambiguous,large,56.0,1210,0.30,0.660,train
sock-02571,heather,yellow,polyblend,left,xl,57.9,1233,0.59,0.510,train
sock-02572,chevron,black,bamboo,right,small,59.8,1256,0.88,0.970,train
sock-02573,argyle,green,wool,ambiguous,medium,61.7,1279,0.17,0.640,train
sock-02574,plain,burgundy,cotton,left,large,63.6,1302,0.46,0.770,train
sock-02575,dots,charcoal,modal,right,xl,65.5,1325,0.75,0.640,train
sock-02576,stripes,teal,linen,ambiguous,small,67.4,1348,0.04,0.580,train
sock-02577,tiny-stars,white,polyblend,left,medium,69.3,1371,0.33,0.450,train
sock-02578,ribbed,coral,bamboo,right,large,71.2,1394,0.62,0.890,train
sock-02579,heather,lavender,wool,ambiguous,xl,24.1,1417,0.91,0.700,train
sock-02580,chevron,navy,cotton,left,small,26.0,1440,0.20,0.800,train
sock-02581,argyle,yellow,modal,right,medium,27.9,1463,0.49,0.600,train
sock-02582,plain,black,linen,ambiguous,large,29.8,1486,0.78,0.750,train
sock-02583,dots,green,polyblend,left,xl,31.7,609,0.07,0.530,train
sock-02584,stripes,burgundy,bamboo,right,small,33.6,632,0.36,0.900,train
sock-02585,tiny-stars,charcoal,wool,ambiguous,medium,35.5,655,0.65,0.710,train
sock-02586,ribbed,teal,cotton,left,large,37.4,678,0.94,0.720,train
sock-02587,heather,white,modal,right,xl,39.3,701,0.23,0.590,train
sock-02588,chevron,coral,linen,ambiguous,small,41.2,724,0.52,0.600,train
sock-02589,argyle,lavender,polyblend,left,medium,43.1,747,0.81,0.490,train
sock-02590,plain,navy,bamboo,right,large,45.0,770,0.10,0.700,train
sock-02591,dots,yellow,wool,ambiguous,xl,46.9,793,0.39,0.720,train
sock-02592,stripes,black,cotton,left,small,48.8,816,0.68,0.820,train
sock-02593,tiny-stars,green,modal,right,medium,50.7,839,0.97,0.670,train
sock-02594,ribbed,burgundy,linen,ambiguous,large,52.6,862,0.26,0.610,train
sock-02595,heather,charcoal,polyblend,left,xl,54.5,885,0.55,0.550,train
sock-02596,chevron,teal,bamboo,right,small,56.4,908,0.84,0.550,train
sock-02597,argyle,white,wool,ambiguous,medium,58.3,931,0.13,0.610,train
sock-02598,plain,coral,cotton,left,large,60.2,954,0.42,0.810,train
sock-02599,dots,lavender,modal,right,xl,62.1,977,0.71,0.680,train
sock-02600,stripes,navy,linen,ambiguous,small,64.0,1000,0.00,0.710,train
sock-02601,tiny-stars,yellow,polyblend,left,medium,65.9,1023,0.29,0.560,train
sock-02602,ribbed,black,bamboo,right,large,67.8,1046,0.58,0.650,train
sock-02603,heather,green,wool,ambiguous,xl,69.7,1069,0.87,0.740,train
sock-02604,chevron,burgundy,cotton,left,small,71.6,1092,0.16,0.750,train
sock-02605,argyle,charcoal,modal,right,medium,24.5,1115,0.45,0.640,train
sock-02606,plain,teal,linen,ambiguous,large,26.4,1138,0.74,0.700,train
sock-02607,dots,white,polyblend,left,xl,28.3,1161,0.03,0.500,train
sock-02608,stripes,coral,bamboo,right,small,30.2,1184,0.32,0.570,train
sock-02609,tiny-stars,lavender,wool,ambiguous,medium,32.1,1207,0.61,0.750,train
sock-02610,ribbed,navy,cotton,left,large,34.0,1230,0.90,0.850,train
sock-02611,heather,yellow,modal,right,xl,35.9,1253,0.19,0.700,train
sock-02612,chevron,black,linen,ambiguous,small,37.8,1276,0.48,0.730,train
sock-02613,argyle,green,polyblend,left,medium,39.7,1299,0.77,0.530,train
sock-02614,plain,burgundy,bamboo,right,large,41.6,1322,0.06,0.650,train
sock-02615,dots,charcoal,wool,ambiguous,xl,43.5,1345,0.35,0.760,train
sock-02616,stripes,teal,cotton,left,small,45.4,1368,0.64,0.770,train
sock-02617,tiny-stars,white,modal,right,medium,47.3,1391,0.93,0.640,train
sock-02618,ribbed,coral,linen,ambiguous,large,49.2,1414,0.22,0.650,train
sock-02619,heather,lavender,polyblend,left,xl,51.1,1437,0.51,0.590,train
sock-02620,chevron,navy,bamboo,right,small,53.0,1460,0.80,0.680,train
sock-02621,argyle,yellow,wool,ambiguous,medium,54.9,1483,0.09,0.720,train
sock-02622,plain,black,cotton,left,large,56.8,606,0.38,0.940,train
sock-02623,dots,green,modal,right,xl,58.7,629,0.67,0.720,train
sock-02624,stripes,burgundy,linen,ambiguous,small,60.6,652,0.96,0.660,train
sock-02625,tiny-stars,charcoal,polyblend,left,medium,62.5,675,0.25,0.600,train
sock-02626,ribbed,teal,bamboo,right,large,64.4,698,0.54,0.600,train
sock-02627,heather,white,wool,ambiguous,xl,66.3,721,0.83,0.340,train
sock-02628,chevron,coral,cotton,left,small,68.2,744,0.12,0.790,train
sock-02629,argyle,lavender,modal,right,medium,70.1,767,0.41,0.680,train
sock-02630,plain,navy,linen,ambiguous,large,72.0,790,0.70,0.830,train
sock-02631,dots,yellow,polyblend,left,xl,24.9,813,0.99,0.610,train
sock-02632,stripes,black,bamboo,right,small,26.8,836,0.28,0.700,train
sock-02633,tiny-stars,green,wool,ambiguous,medium,28.7,859,0.57,0.420,train
sock-02634,ribbed,burgundy,cotton,left,large,30.6,882,0.86,0.800,train
sock-02635,heather,charcoal,modal,right,xl,32.5,905,0.15,0.740,train
sock-02636,chevron,teal,linen,ambiguous,small,34.4,928,0.44,0.680,train
sock-02637,argyle,white,polyblend,left,medium,36.3,951,0.73,0.500,train
sock-02638,plain,coral,bamboo,right,large,38.2,974,0.02,0.690,train
sock-02639,dots,lavender,wool,ambiguous,xl,40.1,997,0.31,0.430,train
sock-02640,stripes,navy,cotton,left,small,42.0,1020,0.60,0.900,train
sock-02641,tiny-stars,yellow,modal,right,medium,43.9,1043,0.89,0.750,train
sock-02642,ribbed,black,linen,ambiguous,large,45.8,1066,0.18,0.780,train
sock-02643,heather,green,polyblend,left,xl,47.7,1089,0.47,0.630,train
sock-02644,chevron,burgundy,bamboo,right,small,49.6,1112,0.76,0.630,train
sock-02645,argyle,charcoal,wool,ambiguous,medium,51.5,1135,0.05,0.390,train
sock-02646,plain,teal,cotton,left,large,53.4,1158,0.34,0.890,train
sock-02647,dots,white,modal,right,xl,55.3,1181,0.63,0.690,train
sock-02648,stripes,coral,linen,ambiguous,small,57.2,1204,0.92,0.700,train
sock-02649,tiny-stars,lavender,polyblend,left,medium,59.1,1227,0.21,0.640,train
sock-02650,ribbed,navy,bamboo,right,large,61.0,1250,0.50,0.730,train
sock-02651,heather,yellow,wool,ambiguous,xl,62.9,1273,0.79,0.450,train
sock-02652,chevron,black,cotton,left,small,64.8,1296,0.08,0.920,train
sock-02653,argyle,green,modal,right,medium,66.7,1319,0.37,0.720,train
sock-02654,plain,burgundy,linen,ambiguous,large,68.6,1342,0.66,0.780,train
sock-02655,dots,charcoal,polyblend,left,xl,70.5,1365,0.95,0.650,train
sock-02656,stripes,teal,bamboo,right,small,72.4,1388,0.24,0.650,train
sock-02657,tiny-stars,white,wool,ambiguous,medium,25.3,1411,0.53,0.390,train
sock-02658,ribbed,coral,cotton,left,large,27.2,1434,0.82,0.840,train
sock-02659,heather,lavender,modal,right,xl,29.1,1457,0.11,0.780,train
sock-02660,chevron,navy,linen,ambiguous,small,31.0,1480,0.40,0.810,train
sock-02661,argyle,yellow,polyblend,left,medium,32.9,603,0.69,0.610,train
sock-02662,plain,black,bamboo,right,large,34.8,626,0.98,0.820,train
sock-02663,dots,green,wool,ambiguous,xl,36.7,649,0.27,0.470,train
sock-02664,stripes,burgundy,cotton,left,small,38.6,672,0.56,0.480,train
sock-02665,tiny-stars,charcoal,modal,right,medium,40.5,695,0.85,0.790,train
sock-02666,ribbed,teal,linen,ambiguous,large,42.4,718,0.14,0.730,train
sock-02667,heather,white,polyblend,left,xl,44.3,741,0.43,0.600,train
sock-02668,chevron,coral,bamboo,right,small,46.2,764,0.72,0.670,train
sock-02669,argyle,lavender,wool,ambiguous,medium,48.1,787,0.01,0.430,train
sock-02670,plain,navy,cotton,left,large,50.0,810,0.30,0.650,train
sock-02671,dots,yellow,modal,right,xl,51.9,833,0.59,0.800,train
sock-02672,stripes,black,linen,ambiguous,small,53.8,856,0.88,0.830,train
sock-02673,tiny-stars,green,polyblend,left,medium,55.7,879,0.17,0.680,train
sock-02674,ribbed,burgundy,bamboo,right,large,57.6,902,0.46,0.680,train
sock-02675,heather,charcoal,wool,ambiguous,xl,59.5,925,0.75,0.490,train
sock-02676,chevron,teal,cotton,left,small,61.4,948,0.04,0.500,train
sock-02677,argyle,white,modal,right,medium,63.3,971,0.33,0.690,train
sock-02678,plain,coral,linen,ambiguous,large,65.2,994,0.62,0.820,train
sock-02679,dots,lavender,polyblend,left,xl,67.1,1017,0.91,0.690,train
sock-02680,stripes,navy,bamboo,right,small,69.0,1040,0.20,0.780,train
sock-02681,tiny-stars,yellow,wool,ambiguous,medium,70.9,1063,0.49,0.500,train
sock-02682,ribbed,black,cotton,left,large,72.8,1086,0.78,0.600,train
sock-02683,heather,green,modal,right,xl,25.7,1109,0.07,0.820,train
sock-02684,chevron,burgundy,linen,ambiguous,small,27.6,1132,0.36,0.760,train
sock-02685,argyle,charcoal,polyblend,left,medium,29.5,1155,0.65,0.650,train
sock-02686,plain,teal,bamboo,right,large,31.4,1178,0.94,0.770,train
sock-02687,dots,white,wool,ambiguous,xl,33.3,1201,0.23,0.440,train
sock-02688,stripes,coral,cotton,left,small,35.2,1224,0.52,0.520,train
sock-02689,tiny-stars,lavender,modal,right,medium,37.1,1247,0.81,0.830,train
sock-02690,ribbed,navy,linen,ambiguous,large,39.0,1270,0.10,0.860,train
sock-02691,heather,yellow,polyblend,left,xl,40.9,1293,0.39,0.710,train
sock-02692,chevron,black,bamboo,right,small,42.8,1316,0.68,0.800,train
sock-02693,argyle,green,wool,ambiguous,medium,44.7,1339,0.97,0.470,train
sock-02694,plain,burgundy,cotton,left,large,46.6,1362,0.26,0.600,train
sock-02695,dots,charcoal,modal,right,xl,48.5,1385,0.55,0.840,train
sock-02696,stripes,teal,linen,ambiguous,small,50.4,1408,0.84,0.780,train
sock-02697,tiny-stars,white,polyblend,left,medium,52.3,1431,0.13,0.650,train
sock-02698,ribbed,coral,bamboo,right,large,54.2,1454,0.42,0.720,train
sock-02699,heather,lavender,wool,ambiguous,xl,56.1,1477,0.71,0.530,train
sock-02700,chevron,navy,cotton,left,small,58.0,600,0.00,0.630,train
sock-02701,argyle,yellow,modal,right,medium,59.9,623,0.29,0.430,train
sock-02702,plain,black,linen,ambiguous,large,61.8,646,0.58,0.950,train
sock-02703,dots,green,polyblend,left,xl,63.7,669,0.87,0.730,train
sock-02704,stripes,burgundy,bamboo,right,small,65.6,692,0.16,0.730,train
sock-02705,tiny-stars,charcoal,wool,ambiguous,medium,67.5,715,0.45,0.540,train
sock-02706,ribbed,teal,cotton,left,large,69.4,738,0.74,0.550,train
sock-02707,heather,white,modal,right,xl,71.3,761,0.03,0.420,train
sock-02708,chevron,coral,linen,ambiguous,small,24.2,784,0.32,0.800,train
sock-02709,argyle,lavender,polyblend,left,medium,26.1,807,0.61,0.690,train
sock-02710,plain,navy,bamboo,right,large,28.0,830,0.90,0.900,train
sock-02711,dots,yellow,wool,ambiguous,xl,29.9,853,0.19,0.550,train
sock-02712,stripes,black,cotton,left,small,31.8,876,0.48,0.650,train
sock-02713,tiny-stars,green,modal,right,medium,33.7,899,0.77,0.500,train
sock-02714,ribbed,burgundy,linen,ambiguous,large,35.6,922,0.06,0.810,train
sock-02715,heather,charcoal,polyblend,left,xl,37.5,945,0.35,0.750,train
sock-02716,chevron,teal,bamboo,right,small,39.4,968,0.64,0.750,train
sock-02717,argyle,white,wool,ambiguous,medium,41.3,991,0.93,0.440,train
sock-02718,plain,coral,cotton,left,large,43.2,1014,0.22,0.640,train
sock-02719,dots,lavender,modal,right,xl,45.1,1037,0.51,0.510,train
sock-02720,stripes,navy,linen,ambiguous,small,47.0,1060,0.80,0.910,train
sock-02721,tiny-stars,yellow,polyblend,left,medium,48.9,1083,0.09,0.760,train
sock-02722,ribbed,black,bamboo,right,large,50.8,1106,0.38,0.850,train
sock-02723,heather,green,wool,ambiguous,xl,52.7,1129,0.67,0.570,train
sock-02724,chevron,burgundy,cotton,left,small,54.6,1152,0.96,0.580,train
sock-02725,argyle,charcoal,modal,right,medium,56.5,1175,0.25,0.470,train
sock-02726,plain,teal,linen,ambiguous,large,58.4,1198,0.54,0.900,train
sock-02727,dots,white,polyblend,left,xl,60.3,1221,0.83,0.700,train
sock-02728,stripes,coral,bamboo,right,small,62.2,1244,0.12,0.770,train
sock-02729,tiny-stars,lavender,wool,ambiguous,medium,64.1,1267,0.41,0.580,train
sock-02730,ribbed,navy,cotton,left,large,66.0,1290,0.70,0.680,train
sock-02731,heather,yellow,modal,right,xl,67.9,1313,0.99,0.530,train
sock-02732,chevron,black,linen,ambiguous,small,69.8,1336,0.28,0.930,train
sock-02733,argyle,green,polyblend,left,medium,71.7,1359,0.57,0.730,train
sock-02734,plain,burgundy,bamboo,right,large,24.6,1382,0.86,0.850,train
sock-02735,dots,charcoal,wool,ambiguous,xl,26.5,1405,0.15,0.590,train
sock-02736,stripes,teal,cotton,left,small,28.4,1428,0.44,0.600,train
sock-02737,tiny-stars,white,modal,right,medium,30.3,1451,0.73,0.470,train
sock-02738,ribbed,coral,linen,ambiguous,large,32.2,1474,0.02,0.480,train
sock-02739,heather,lavender,polyblend,left,xl,34.1,1497,0.31,0.790,train
sock-02740,chevron,navy,bamboo,right,small,36.0,620,0.60,0.880,train
sock-02741,argyle,yellow,wool,ambiguous,medium,37.9,643,0.89,0.550,train
sock-02742,plain,black,cotton,left,large,39.8,666,0.18,0.770,train
sock-02743,dots,green,modal,right,xl,41.7,689,0.47,0.550,train
sock-02744,stripes,burgundy,linen,ambiguous,small,43.6,712,0.76,0.490,train
sock-02745,tiny-stars,charcoal,polyblend,left,medium,45.5,735,0.05,0.800,train
sock-02746,ribbed,teal,bamboo,right,large,47.4,758,0.34,0.800,train
sock-02747,heather,white,wool,ambiguous,xl,49.3,781,0.63,0.540,train
sock-02748,chevron,coral,cotton,left,small,51.2,804,0.92,0.620,train
sock-02749,argyle,lavender,modal,right,medium,53.1,827,0.21,0.510,train
sock-02750,plain,navy,linen,ambiguous,large,55.0,850,0.50,0.660,train
sock-02751,dots,yellow,polyblend,left,xl,56.9,873,0.79,0.810,train
sock-02752,stripes,black,bamboo,right,small,58.8,896,0.08,0.900,train
sock-02753,tiny-stars,green,wool,ambiguous,medium,60.7,919,0.37,0.620,train
sock-02754,ribbed,burgundy,cotton,left,large,62.6,942,0.66,0.630,train
sock-02755,heather,charcoal,modal,right,xl,64.5,965,0.95,0.570,train
sock-02756,chevron,teal,linen,ambiguous,small,66.4,988,0.24,0.510,train
sock-02757,argyle,white,polyblend,left,medium,68.3,1011,0.53,0.700,train
sock-02758,plain,coral,bamboo,right,large,70.2,1034,0.82,0.890,train
sock-02759,dots,lavender,wool,ambiguous,xl,72.1,1057,0.11,0.630,train
sock-02760,stripes,navy,cotton,left,small,25.0,1080,0.40,0.730,train
sock-02761,tiny-stars,yellow,modal,right,medium,26.9,1103,0.69,0.580,train
sock-02762,ribbed,black,linen,ambiguous,large,28.8,1126,0.98,0.610,train
sock-02763,heather,green,polyblend,left,xl,30.7,1149,0.27,0.830,train
sock-02764,chevron,burgundy,bamboo,right,small,32.6,1172,0.56,0.830,train
sock-02765,argyle,charcoal,wool,ambiguous,medium,34.5,1195,0.85,0.590,train
sock-02766,plain,teal,cotton,left,large,36.4,1218,0.14,0.720,train
sock-02767,dots,white,modal,right,xl,38.3,1241,0.43,0.520,train
sock-02768,stripes,coral,linen,ambiguous,small,40.2,1264,0.72,0.530,train
sock-02769,tiny-stars,lavender,polyblend,left,medium,42.1,1287,0.01,0.840,train
sock-02770,ribbed,navy,bamboo,right,large,44.0,1310,0.30,0.930,train
sock-02771,heather,yellow,wool,ambiguous,xl,45.9,1333,0.59,0.650,train
sock-02772,chevron,black,cotton,left,small,47.8,1356,0.88,0.750,train
sock-02773,argyle,green,modal,right,medium,49.7,1379,0.17,0.550,train
sock-02774,plain,burgundy,linen,ambiguous,large,51.6,1402,0.46,0.610,train
sock-02775,dots,charcoal,polyblend,left,xl,53.5,1425,0.75,0.480,train
sock-02776,stripes,teal,bamboo,right,small,55.4,1448,0.04,0.850,train
sock-02777,tiny-stars,white,wool,ambiguous,medium,57.3,1471,0.33,0.590,train
sock-02778,ribbed,coral,cotton,left,large,59.2,1494,0.62,0.670,train
sock-02779,heather,lavender,modal,right,xl,61.1,617,0.91,0.610,train
sock-02780,chevron,navy,linen,ambiguous,small,63.0,640,0.20,0.640,train
sock-02781,argyle,yellow,polyblend,left,medium,64.9,663,0.49,0.440,train
sock-02782,plain,black,bamboo,right,large,66.8,686,0.78,0.990,train
sock-02783,dots,green,wool,ambiguous,xl,68.7,709,0.07,0.670,train
sock-02784,stripes,burgundy,cotton,left,small,70.6,732,0.36,0.680,train
sock-02785,tiny-stars,charcoal,modal,right,medium,72.5,755,0.65,0.620,train
sock-02786,ribbed,teal,linen,ambiguous,large,25.4,778,0.94,0.560,train
sock-02787,heather,white,polyblend,left,xl,27.3,801,0.23,0.430,train
sock-02788,chevron,coral,bamboo,right,small,29.2,824,0.52,0.870,train
sock-02789,argyle,lavender,wool,ambiguous,medium,31.1,847,0.81,0.630,train
sock-02790,plain,navy,cotton,left,large,33.0,870,0.10,0.850,train
sock-02791,dots,yellow,modal,right,xl,34.9,893,0.39,0.630,train
sock-02792,stripes,black,linen,ambiguous,small,36.8,916,0.68,0.660,train
sock-02793,tiny-stars,green,polyblend,left,medium,38.7,939,0.97,0.510,train
sock-02794,ribbed,burgundy,bamboo,right,large,40.6,962,0.26,0.880,train
sock-02795,heather,charcoal,wool,ambiguous,xl,42.5,985,0.55,0.690,train
sock-02796,chevron,teal,cotton,left,small,44.4,1008,0.84,0.700,train
sock-02797,argyle,white,modal,right,medium,46.3,1031,0.13,0.520,train
sock-02798,plain,coral,linen,ambiguous,large,48.2,1054,0.42,0.650,train
sock-02799,dots,lavender,polyblend,left,xl,50.1,1077,0.71,0.520,train
sock-02800,stripes,navy,bamboo,right,small,52.0,1100,0.00,0.980,train
sock-02801,tiny-stars,yellow,wool,ambiguous,medium,53.9,1123,0.29,0.700,train
sock-02802,ribbed,black,cotton,left,large,55.8,1146,0.58,0.800,train
sock-02803,heather,green,modal,right,xl,57.7,1169,0.87,0.650,train
sock-02804,chevron,burgundy,linen,ambiguous,small,59.6,1192,0.16,0.590,train
sock-02805,argyle,charcoal,polyblend,left,medium,61.5,1215,0.45,0.480,train
sock-02806,plain,teal,bamboo,right,large,63.4,1238,0.74,0.970,train
sock-02807,dots,white,wool,ambiguous,xl,65.3,1261,0.03,0.640,train
sock-02808,stripes,coral,cotton,left,small,67.2,1284,0.32,0.720,train
sock-02809,tiny-stars,lavender,modal,right,medium,69.1,1307,0.61,0.660,train
sock-02810,ribbed,navy,linen,ambiguous,large,71.0,1330,0.90,0.690,train
sock-02811,heather,yellow,polyblend,left,xl,72.9,1353,0.19,0.540,train
sock-02812,chevron,black,bamboo,right,small,25.8,1376,0.48,0.630,train
sock-02813,argyle,green,wool,ambiguous,medium,27.7,1399,0.77,0.670,train
sock-02814,plain,burgundy,cotton,left,large,29.6,1422,0.06,0.800,train
sock-02815,dots,charcoal,modal,right,xl,31.5,1445,0.35,0.670,train
sock-02816,stripes,teal,linen,ambiguous,small,33.4,1468,0.64,0.610,train
sock-02817,tiny-stars,white,polyblend,left,medium,35.3,1491,0.93,0.480,train
sock-02818,ribbed,coral,bamboo,right,large,37.2,614,0.22,0.550,train
sock-02819,heather,lavender,wool,ambiguous,xl,39.1,637,0.51,0.730,train
sock-02820,chevron,navy,cotton,left,small,41.0,660,0.80,0.830,train
sock-02821,argyle,yellow,modal,right,medium,42.9,683,0.09,0.630,train
sock-02822,plain,black,linen,ambiguous,large,44.8,706,0.38,0.780,train
sock-02823,dots,green,polyblend,left,xl,46.7,729,0.67,0.560,train
sock-02824,stripes,burgundy,bamboo,right,small,48.6,752,0.96,0.560,train
sock-02825,tiny-stars,charcoal,wool,ambiguous,medium,50.5,775,0.25,0.740,train
sock-02826,ribbed,teal,cotton,left,large,52.4,798,0.54,0.750,train
sock-02827,heather,white,modal,right,xl,54.3,821,0.83,0.620,train
sock-02828,chevron,coral,linen,ambiguous,small,56.2,844,0.12,0.630,train
sock-02829,argyle,lavender,polyblend,left,medium,58.1,867,0.41,0.520,train
sock-02830,plain,navy,bamboo,right,large,60.0,890,0.70,0.730,train
sock-02831,dots,yellow,wool,ambiguous,xl,61.9,913,0.99,0.750,train
sock-02832,stripes,black,cotton,left,small,63.8,936,0.28,0.850,train
sock-02833,tiny-stars,green,modal,right,medium,65.7,959,0.57,0.700,train
sock-02834,ribbed,burgundy,linen,ambiguous,large,67.6,982,0.86,0.640,train
sock-02835,heather,charcoal,polyblend,left,xl,69.5,1005,0.15,0.580,train
sock-02836,chevron,teal,bamboo,right,small,71.4,1028,0.44,0.580,train
sock-02837,argyle,white,wool,ambiguous,medium,24.3,1051,0.73,0.640,train
sock-02838,plain,coral,cotton,left,large,26.2,1074,0.02,0.840,train
sock-02839,dots,lavender,modal,right,xl,28.1,1097,0.31,0.710,train
sock-02840,stripes,navy,linen,ambiguous,small,30.0,1120,0.60,0.740,train
sock-02841,tiny-stars,yellow,polyblend,left,medium,31.9,1143,0.89,0.590,train
sock-02842,ribbed,black,bamboo,right,large,33.8,1166,0.18,0.680,train
sock-02843,heather,green,wool,ambiguous,xl,35.7,1189,0.47,0.770,train
sock-02844,chevron,burgundy,cotton,left,small,37.6,1212,0.76,0.780,train
sock-02845,argyle,charcoal,modal,right,medium,39.5,1235,0.05,0.670,train
sock-02846,plain,teal,linen,ambiguous,large,41.4,1258,0.34,0.730,train
sock-02847,dots,white,polyblend,left,xl,43.3,1281,0.63,0.530,train
sock-02848,stripes,coral,bamboo,right,small,45.2,1304,0.92,0.600,train
sock-02849,tiny-stars,lavender,wool,ambiguous,medium,47.1,1327,0.21,0.410,train
sock-02850,ribbed,navy,cotton,left,large,49.0,1350,0.50,0.880,train
sock-02851,heather,yellow,modal,right,xl,50.9,1373,0.79,0.730,train
sock-02852,chevron,black,linen,ambiguous,small,52.8,1396,0.08,0.760,train
sock-02853,argyle,green,polyblend,left,medium,54.7,1419,0.37,0.560,train
sock-02854,plain,burgundy,bamboo,right,large,56.6,1442,0.66,0.680,train
sock-02855,dots,charcoal,wool,ambiguous,xl,58.5,1465,0.95,0.420,train
sock-02856,stripes,teal,cotton,left,small,60.4,1488,0.24,0.800,train
sock-02857,tiny-stars,white,modal,right,medium,62.3,611,0.53,0.670,train
sock-02858,ribbed,coral,linen,ambiguous,large,64.2,634,0.82,0.680,train
sock-02859,heather,lavender,polyblend,left,xl,66.1,657,0.11,0.620,train
sock-02860,chevron,navy,bamboo,right,small,68.0,680,0.40,0.710,train
sock-02861,argyle,yellow,wool,ambiguous,medium,69.9,703,0.69,0.380,train
sock-02862,plain,black,cotton,left,large,71.8,726,0.98,0.970,train
sock-02863,dots,green,modal,right,xl,24.7,749,0.27,0.750,train
sock-02864,stripes,burgundy,linen,ambiguous,small,26.6,772,0.56,0.690,train
sock-02865,tiny-stars,charcoal,polyblend,left,medium,28.5,795,0.85,0.630,train
sock-02866,ribbed,teal,bamboo,right,large,30.4,818,0.14,0.630,train
sock-02867,heather,white,wool,ambiguous,xl,32.3,841,0.43,0.370,train
sock-02868,chevron,coral,cotton,left,small,34.2,864,0.72,0.820,train
sock-02869,argyle,lavender,modal,right,medium,36.1,887,0.01,0.710,train
sock-02870,plain,navy,linen,ambiguous,large,38.0,910,0.30,0.860,train
sock-02871,dots,yellow,polyblend,left,xl,39.9,933,0.59,0.640,train
sock-02872,stripes,black,bamboo,right,small,41.8,956,0.88,0.730,train
sock-02873,tiny-stars,green,wool,ambiguous,medium,43.7,979,0.17,0.450,train
sock-02874,ribbed,burgundy,cotton,left,large,45.6,1002,0.46,0.830,train
sock-02875,heather,charcoal,modal,right,xl,47.5,1025,0.75,0.770,train
sock-02876,chevron,teal,linen,ambiguous,small,49.4,1048,0.04,0.710,train
sock-02877,argyle,white,polyblend,left,medium,51.3,1071,0.33,0.530,train
sock-02878,plain,coral,bamboo,right,large,53.2,1094,0.62,0.720,train
sock-02879,dots,lavender,wool,ambiguous,xl,55.1,1117,0.91,0.460,train
sock-02880,stripes,navy,cotton,left,small,57.0,1140,0.20,0.930,train
sock-02881,tiny-stars,yellow,modal,right,medium,58.9,1163,0.49,0.780,train
sock-02882,ribbed,black,linen,ambiguous,large,60.8,1186,0.78,0.810,train
sock-02883,heather,green,polyblend,left,xl,62.7,1209,0.07,0.660,train
sock-02884,chevron,burgundy,bamboo,right,small,64.6,1232,0.36,0.660,train
sock-02885,argyle,charcoal,wool,ambiguous,medium,66.5,1255,0.65,0.420,train
sock-02886,plain,teal,cotton,left,large,68.4,1278,0.94,0.550,train
sock-02887,dots,white,modal,right,xl,70.3,1301,0.23,0.720,train
sock-02888,stripes,coral,linen,ambiguous,small,72.2,1324,0.52,0.730,train
sock-02889,tiny-stars,lavender,polyblend,left,medium,25.1,1347,0.81,0.670,train
sock-02890,ribbed,navy,bamboo,right,large,27.0,1370,0.10,0.760,train
sock-02891,heather,yellow,wool,ambiguous,xl,28.9,1393,0.39,0.480,train
sock-02892,chevron,black,cotton,left,small,30.8,1416,0.68,0.580,train
sock-02893,argyle,green,modal,right,medium,32.7,1439,0.97,0.750,train
sock-02894,plain,burgundy,linen,ambiguous,large,34.6,1462,0.26,0.810,train
sock-02895,dots,charcoal,polyblend,left,xl,36.5,1485,0.55,0.680,train
sock-02896,stripes,teal,bamboo,right,small,38.4,608,0.84,0.680,train
sock-02897,tiny-stars,white,wool,ambiguous,medium,40.3,631,0.13,0.420,train
sock-02898,ribbed,coral,cotton,left,large,42.2,654,0.42,0.500,train
sock-02899,heather,lavender,modal,right,xl,44.1,677,0.71,0.810,train
sock-02900,chevron,navy,linen,ambiguous,small,46.0,700,0.00,0.840,train
sock-02901,argyle,yellow,polyblend,left,medium,47.9,723,0.29,0.640,train
sock-02902,plain,black,bamboo,right,large,49.8,746,0.58,0.850,train
sock-02903,dots,green,wool,ambiguous,xl,51.7,769,0.87,0.500,train
sock-02904,stripes,burgundy,cotton,left,small,53.6,792,0.16,0.510,train
sock-02905,tiny-stars,charcoal,modal,right,medium,55.5,815,0.45,0.820,train
sock-02906,ribbed,teal,linen,ambiguous,large,57.4,838,0.74,0.760,train
sock-02907,heather,white,polyblend,left,xl,59.3,861,0.03,0.630,train
sock-02908,chevron,coral,bamboo,right,small,61.2,884,0.32,0.700,train
sock-02909,argyle,lavender,wool,ambiguous,medium,63.1,907,0.61,0.460,train
sock-02910,plain,navy,cotton,left,large,65.0,930,0.90,0.680,train
sock-02911,dots,yellow,modal,right,xl,66.9,953,0.19,0.830,train
sock-02912,stripes,black,linen,ambiguous,small,68.8,976,0.48,0.860,train
sock-02913,tiny-stars,green,polyblend,left,medium,70.7,999,0.77,0.710,train
sock-02914,ribbed,burgundy,bamboo,right,large,72.6,1022,0.06,0.710,train
sock-02915,heather,charcoal,wool,ambiguous,xl,25.5,1045,0.35,0.520,train
sock-02916,chevron,teal,cotton,left,small,27.4,1068,0.64,0.530,train
sock-02917,argyle,white,modal,right,medium,29.3,1091,0.93,0.720,train
sock-02918,plain,coral,linen,ambiguous,large,31.2,1114,0.22,0.850,train
sock-02919,dots,lavender,polyblend,left,xl,33.1,1137,0.51,0.720,train
sock-02920,stripes,navy,bamboo,right,small,35.0,1160,0.80,0.810,train
sock-02921,tiny-stars,yellow,wool,ambiguous,medium,36.9,1183,0.09,0.530,train
sock-02922,ribbed,black,cotton,left,large,38.8,1206,0.38,0.630,train
sock-02923,heather,green,modal,right,xl,40.7,1229,0.67,0.480,train
sock-02924,chevron,burgundy,linen,ambiguous,small,42.6,1252,0.96,0.790,train
sock-02925,argyle,charcoal,polyblend,left,medium,44.5,1275,0.25,0.680,train
sock-02926,plain,teal,bamboo,right,large,46.4,1298,0.54,0.800,train
sock-02927,dots,white,wool,ambiguous,xl,48.3,1321,0.83,0.470,train
sock-02928,stripes,coral,cotton,left,small,50.2,1344,0.12,0.550,train
sock-02929,tiny-stars,lavender,modal,right,medium,52.1,1367,0.41,0.490,train
sock-02930,ribbed,navy,linen,ambiguous,large,54.0,1390,0.70,0.890,train
sock-02931,heather,yellow,polyblend,left,xl,55.9,1413,0.99,0.740,train
sock-02932,chevron,black,bamboo,right,small,57.8,1436,0.28,0.830,train
sock-02933,argyle,green,wool,ambiguous,medium,59.7,1459,0.57,0.500,train
sock-02934,plain,burgundy,cotton,left,large,61.6,1482,0.86,0.630,train
sock-02935,dots,charcoal,modal,right,xl,63.5,605,0.15,0.500,train
sock-02936,stripes,teal,linen,ambiguous,small,65.4,628,0.44,0.810,train
sock-02937,tiny-stars,white,polyblend,left,medium,67.3,651,0.73,0.680,train
sock-02938,ribbed,coral,bamboo,right,large,69.2,674,0.02,0.750,train
sock-02939,heather,lavender,wool,ambiguous,xl,71.1,697,0.31,0.560,train
sock-02940,chevron,navy,cotton,left,small,24.0,720,0.60,0.660,train
sock-02941,argyle,yellow,modal,right,medium,25.9,743,0.89,0.460,train
sock-02942,plain,black,linen,ambiguous,large,27.8,766,0.18,0.980,train
sock-02943,dots,green,polyblend,left,xl,29.7,789,0.47,0.760,train
sock-02944,stripes,burgundy,bamboo,right,small,31.6,812,0.76,0.760,train
sock-02945,tiny-stars,charcoal,wool,ambiguous,medium,33.5,835,0.05,0.570,train
sock-02946,ribbed,teal,cotton,left,large,35.4,858,0.34,0.580,train
sock-02947,heather,white,modal,right,xl,37.3,881,0.63,0.450,train
sock-02948,chevron,coral,linen,ambiguous,small,39.2,904,0.92,0.830,train
sock-02949,argyle,lavender,polyblend,left,medium,41.1,927,0.21,0.720,train
sock-02950,plain,navy,bamboo,right,large,43.0,950,0.50,0.930,train
sock-02951,dots,yellow,wool,ambiguous,xl,44.9,973,0.79,0.580,train
sock-02952,stripes,black,cotton,left,small,46.8,996,0.08,0.680,train
sock-02953,tiny-stars,green,modal,right,medium,48.7,1019,0.37,0.530,train
sock-02954,ribbed,burgundy,linen,ambiguous,large,50.6,1042,0.66,0.840,train
sock-02955,heather,charcoal,polyblend,left,xl,52.5,1065,0.95,0.780,train
sock-02956,chevron,teal,bamboo,right,small,54.4,1088,0.24,0.780,train
sock-02957,argyle,white,wool,ambiguous,medium,56.3,1111,0.53,0.470,train
sock-02958,plain,coral,cotton,left,large,58.2,1134,0.82,0.670,train
sock-02959,dots,lavender,modal,right,xl,60.1,1157,0.11,0.540,train
sock-02960,stripes,navy,linen,ambiguous,small,62.0,1180,0.40,0.570,train
sock-02961,tiny-stars,yellow,polyblend,left,medium,63.9,1203,0.69,0.790,train
sock-02962,ribbed,black,bamboo,right,large,65.8,1226,0.98,0.880,train
sock-02963,heather,green,wool,ambiguous,xl,67.7,1249,0.27,0.600,train
sock-02964,chevron,burgundy,cotton,left,small,69.6,1272,0.56,0.610,train
sock-02965,argyle,charcoal,modal,right,medium,71.5,1295,0.85,0.500,train
sock-02966,plain,teal,linen,ambiguous,large,24.4,1318,0.14,0.560,train
sock-02967,dots,white,polyblend,left,xl,26.3,1341,0.43,0.730,train
sock-02968,stripes,coral,bamboo,right,small,28.2,1364,0.72,0.800,train
sock-02969,tiny-stars,lavender,wool,ambiguous,medium,30.1,1387,0.01,0.610,train
sock-02970,ribbed,navy,cotton,left,large,32.0,1410,0.30,0.710,train
sock-02971,heather,yellow,modal,right,xl,33.9,1433,0.59,0.560,train
sock-02972,chevron,black,linen,ambiguous,small,35.8,1456,0.88,0.590,train
sock-02973,argyle,green,polyblend,left,medium,37.7,1479,0.17,0.760,train
sock-02974,plain,burgundy,bamboo,right,large,39.6,602,0.46,0.880,train
sock-02975,dots,charcoal,wool,ambiguous,xl,41.5,625,0.75,0.620,train
sock-02976,stripes,teal,cotton,left,small,43.4,648,0.04,0.630,train
sock-02977,tiny-stars,white,modal,right,medium,45.3,671,0.33,0.500,train
sock-02978,ribbed,coral,linen,ambiguous,large,47.2,694,0.62,0.510,train
sock-02979,heather,lavender,polyblend,left,xl,49.1,717,0.91,0.820,train
sock-02980,chevron,navy,bamboo,right,small,51.0,740,0.20,0.910,train
sock-02981,argyle,yellow,wool,ambiguous,medium,52.9,763,0.49,0.580,train
sock-02982,plain,black,cotton,left,large,54.8,786,0.78,0.800,train
sock-02983,dots,green,modal,right,xl,56.7,809,0.07,0.580,train
sock-02984,stripes,burgundy,linen,ambiguous,small,58.6,832,0.36,0.520,train
sock-02985,tiny-stars,charcoal,polyblend,left,medium,60.5,855,0.65,0.830,train
sock-02986,ribbed,teal,bamboo,right,large,62.4,878,0.94,0.830,train
sock-02987,heather,white,wool,ambiguous,xl,64.3,901,0.23,0.570,train
sock-02988,chevron,coral,cotton,left,small,66.2,924,0.52,0.650,train
sock-02989,argyle,lavender,modal,right,medium,68.1,947,0.81,0.540,train
sock-02990,plain,navy,linen,ambiguous,large,70.0,970,0.10,0.690,train
sock-02991,dots,yellow,polyblend,left,xl,71.9,993,0.39,0.840,train
sock-02992,stripes,black,bamboo,right,small,24.8,1016,0.68,0.930,train
sock-02993,tiny-stars,green,wool,ambiguous,medium,26.7,1039,0.97,0.650,train
sock-02994,ribbed,burgundy,cotton,left,large,28.6,1062,0.26,0.660,train
sock-02995,heather,charcoal,modal,right,xl,30.5,1085,0.55,0.600,train
sock-02996,chevron,teal,linen,ambiguous,small,32.4,1108,0.84,0.540,train
sock-02997,argyle,white,polyblend,left,medium,34.3,1131,0.13,0.360,train
sock-02998,plain,coral,bamboo,right,large,36.2,1154,0.42,0.920,train
sock-02999,dots,lavender,wool,ambiguous,xl,38.1,1177,0.71,0.660,train
sock-03000,stripes,navy,cotton,left,small,40.0,1200,0.00,0.760,train
sock-03001,tiny-stars,yellow,modal,right,medium,41.9,1223,0.29,0.610,validation
sock-03002,ribbed,black,linen,ambiguous,large,43.8,1246,0.58,0.640,validation
sock-03003,heather,green,polyblend,left,xl,45.7,1269,0.87,0.490,validation
sock-03004,chevron,burgundy,bamboo,right,small,47.6,1292,0.16,0.860,validation
sock-03005,argyle,charcoal,wool,ambiguous,medium,49.5,1315,0.45,0.620,validation
sock-03006,plain,teal,cotton,left,large,51.4,1338,0.74,0.750,validation
sock-03007,dots,white,modal,right,xl,53.3,1361,0.03,0.550,validation
sock-03008,stripes,coral,linen,ambiguous,small,55.2,1384,0.32,0.560,validation
sock-03009,tiny-stars,lavender,polyblend,left,medium,57.1,1407,0.61,0.500,validation
sock-03010,ribbed,navy,bamboo,right,large,59.0,1430,0.90,0.960,validation
sock-03011,heather,yellow,wool,ambiguous,xl,60.9,1453,0.19,0.680,validation
sock-03012,chevron,black,cotton,left,small,62.8,1476,0.48,0.780,validation
sock-03013,argyle,green,modal,right,medium,64.7,1499,0.77,0.580,validation
sock-03014,plain,burgundy,linen,ambiguous,large,66.6,622,0.06,0.640,validation
sock-03015,dots,charcoal,polyblend,left,xl,68.5,645,0.35,0.510,validation
sock-03016,stripes,teal,bamboo,right,small,70.4,668,0.64,0.880,validation
sock-03017,tiny-stars,white,wool,ambiguous,medium,72.3,691,0.93,0.620,validation
sock-03018,ribbed,coral,cotton,left,large,25.2,714,0.22,0.700,validation
sock-03019,heather,lavender,modal,right,xl,27.1,737,0.51,0.640,validation
sock-03020,chevron,navy,linen,ambiguous,small,29.0,760,0.80,0.670,validation
sock-03021,argyle,yellow,polyblend,left,medium,30.9,783,0.09,0.470,validation
sock-03022,plain,black,bamboo,right,large,32.8,806,0.38,0.990,validation
sock-03023,dots,green,wool,ambiguous,xl,34.7,829,0.67,0.700,validation
sock-03024,stripes,burgundy,cotton,left,small,36.6,852,0.96,0.710,validation
sock-03025,tiny-stars,charcoal,modal,right,medium,38.5,875,0.25,0.650,validation
sock-03026,ribbed,teal,linen,ambiguous,large,40.4,898,0.54,0.590,validation
sock-03027,heather,white,polyblend,left,xl,42.3,921,0.83,0.460,validation
sock-03028,chevron,coral,bamboo,right,small,44.2,944,0.12,0.900,validation
sock-03029,argyle,lavender,wool,ambiguous,medium,46.1,967,0.41,0.660,validation
sock-03030,plain,navy,cotton,left,large,48.0,990,0.70,0.880,validation
sock-03031,dots,yellow,modal,right,xl,49.9,1013,0.99,0.660,validation
sock-03032,stripes,black,linen,ambiguous,small,51.8,1036,0.28,0.690,validation
sock-03033,tiny-stars,green,polyblend,left,medium,53.7,1059,0.57,0.540,validation
sock-03034,ribbed,burgundy,bamboo,right,large,55.6,1082,0.86,0.540,validation
sock-03035,heather,charcoal,wool,ambiguous,xl,57.5,1105,0.15,0.720,validation
sock-03036,chevron,teal,cotton,left,small,59.4,1128,0.44,0.730,validation
sock-03037,argyle,white,modal,right,medium,61.3,1151,0.73,0.550,validation
sock-03038,plain,coral,linen,ambiguous,large,63.2,1174,0.02,0.680,validation
sock-03039,dots,lavender,polyblend,left,xl,65.1,1197,0.31,0.550,validation
sock-03040,stripes,navy,bamboo,right,small,67.0,1220,0.60,0.640,validation
sock-03041,tiny-stars,yellow,wool,ambiguous,medium,68.9,1243,0.89,0.730,validation
sock-03042,ribbed,black,cotton,left,large,70.8,1266,0.18,0.830,validation
sock-03043,heather,green,modal,right,xl,72.7,1289,0.47,0.680,validation
sock-03044,chevron,burgundy,linen,ambiguous,small,25.6,1312,0.76,0.620,validation
sock-03045,argyle,charcoal,polyblend,left,medium,27.5,1335,0.05,0.510,validation
sock-03046,plain,teal,bamboo,right,large,29.4,1358,0.34,0.630,validation
sock-03047,dots,white,wool,ambiguous,xl,31.3,1381,0.63,0.670,validation
sock-03048,stripes,coral,cotton,left,small,33.2,1404,0.92,0.750,validation
sock-03049,tiny-stars,lavender,modal,right,medium,35.1,1427,0.21,0.690,validation
sock-03050,ribbed,navy,linen,ambiguous,large,37.0,1450,0.50,0.720,validation
sock-03051,heather,yellow,polyblend,left,xl,38.9,1473,0.79,0.570,validation
sock-03052,chevron,black,bamboo,right,small,40.8,1496,0.08,0.660,validation
sock-03053,argyle,green,wool,ambiguous,medium,42.7,619,0.37,0.700,validation
sock-03054,plain,burgundy,cotton,left,large,44.6,642,0.66,0.830,validation
sock-03055,dots,charcoal,modal,right,xl,46.5,665,0.95,0.700,validation
sock-03056,stripes,teal,linen,ambiguous,small,48.4,688,0.24,0.640,validation
sock-03057,tiny-stars,white,polyblend,left,medium,50.3,711,0.53,0.510,validation
sock-03058,ribbed,coral,bamboo,right,large,52.2,734,0.82,0.580,validation
sock-03059,heather,lavender,wool,ambiguous,xl,54.1,757,0.11,0.760,validation
sock-03060,chevron,navy,cotton,left,small,56.0,780,0.40,0.860,validation
sock-03061,argyle,yellow,modal,right,medium,57.9,803,0.69,0.660,validation
sock-03062,plain,black,linen,ambiguous,large,59.8,826,0.98,0.810,validation
sock-03063,dots,green,polyblend,left,xl,61.7,849,0.27,0.590,validation
sock-03064,stripes,burgundy,bamboo,right,small,63.6,872,0.56,0.590,validation
sock-03065,tiny-stars,charcoal,wool,ambiguous,medium,65.5,895,0.85,0.770,validation
sock-03066,ribbed,teal,cotton,left,large,67.4,918,0.14,0.780,validation
sock-03067,heather,white,modal,right,xl,69.3,941,0.43,0.650,validation
sock-03068,chevron,coral,linen,ambiguous,small,71.2,964,0.72,0.660,validation
sock-03069,argyle,lavender,polyblend,left,medium,24.1,987,0.01,0.550,validation
sock-03070,plain,navy,bamboo,right,large,26.0,1010,0.30,0.760,validation
sock-03071,dots,yellow,wool,ambiguous,xl,27.9,1033,0.59,0.410,validation
sock-03072,stripes,black,cotton,left,small,29.8,1056,0.88,0.880,validation
sock-03073,tiny-stars,green,modal,right,medium,31.7,1079,0.17,0.730,validation
sock-03074,ribbed,burgundy,linen,ambiguous,large,33.6,1102,0.46,0.670,validation
sock-03075,heather,charcoal,polyblend,left,xl,35.5,1125,0.75,0.610,validation
sock-03076,chevron,teal,bamboo,right,small,37.4,1148,0.04,0.610,validation
sock-03077,argyle,white,wool,ambiguous,medium,39.3,1171,0.33,0.300,validation
sock-03078,plain,coral,cotton,left,large,41.2,1194,0.62,0.870,validation
sock-03079,dots,lavender,modal,right,xl,43.1,1217,0.91,0.740,validation
sock-03080,stripes,navy,linen,ambiguous,small,45.0,1240,0.20,0.770,validation
sock-03081,tiny-stars,yellow,polyblend,left,medium,46.9,1263,0.49,0.620,validation
sock-03082,ribbed,black,bamboo,right,large,48.8,1286,0.78,0.710,validation
sock-03083,heather,green,wool,ambiguous,xl,50.7,1309,0.07,0.430,validation
sock-03084,chevron,burgundy,cotton,left,small,52.6,1332,0.36,0.810,validation
sock-03085,argyle,charcoal,modal,right,medium,54.5,1355,0.65,0.700,validation
sock-03086,plain,teal,linen,ambiguous,large,56.4,1378,0.94,0.760,validation
sock-03087,dots,white,polyblend,left,xl,58.3,1401,0.23,0.560,validation
sock-03088,stripes,coral,bamboo,right,small,60.2,1424,0.52,0.630,validation
sock-03089,tiny-stars,lavender,wool,ambiguous,medium,62.1,1447,0.81,0.440,validation
sock-03090,ribbed,navy,cotton,left,large,64.0,1470,0.10,0.910,validation
sock-03091,heather,yellow,modal,right,xl,65.9,1493,0.39,0.760,validation
sock-03092,chevron,black,linen,ambiguous,small,67.8,616,0.68,0.790,validation
sock-03093,argyle,green,polyblend,left,medium,69.7,639,0.97,0.590,validation
sock-03094,plain,burgundy,bamboo,right,large,71.6,662,0.26,0.710,validation
sock-03095,dots,charcoal,wool,ambiguous,xl,24.5,685,0.55,0.450,validation
sock-03096,stripes,teal,cotton,left,small,26.4,708,0.84,0.830,validation
sock-03097,tiny-stars,white,modal,right,medium,28.3,731,0.13,0.700,validation
sock-03098,ribbed,coral,linen,ambiguous,large,30.2,754,0.42,0.710,validation
sock-03099,heather,lavender,polyblend,left,xl,32.1,777,0.71,0.650,validation
sock-03100,chevron,navy,bamboo,right,small,34.0,800,0.00,0.740,validation
sock-03101,argyle,yellow,wool,ambiguous,medium,35.9,823,0.29,0.410,validation
sock-03102,plain,black,cotton,left,large,37.8,846,0.58,0.990,validation
sock-03103,dots,green,modal,right,xl,39.7,869,0.87,0.780,validation
sock-03104,stripes,burgundy,linen,ambiguous,small,41.6,892,0.16,0.720,validation
sock-03105,tiny-stars,charcoal,polyblend,left,medium,43.5,915,0.45,0.660,validation
sock-03106,ribbed,teal,bamboo,right,large,45.4,938,0.74,0.660,validation
sock-03107,heather,white,wool,ambiguous,xl,47.3,961,0.03,0.400,validation
sock-03108,chevron,coral,cotton,left,small,49.2,984,0.32,0.480,validation
sock-03109,argyle,lavender,modal,right,medium,51.1,1007,0.61,0.740,validation
sock-03110,plain,navy,linen,ambiguous,large,53.0,1030,0.90,0.890,validation
sock-03111,dots,yellow,polyblend,left,xl,54.9,1053,0.19,0.670,validation
sock-03112,stripes,black,bamboo,right,small,56.8,1076,0.48,0.760,validation
sock-03113,tiny-stars,green,wool,ambiguous,medium,58.7,1099,0.77,0.480,validation
sock-03114,ribbed,burgundy,cotton,left,large,60.6,1122,0.06,0.490,validation
sock-03115,heather,charcoal,modal,right,xl,62.5,1145,0.35,0.800,validation
sock-03116,chevron,teal,linen,ambiguous,small,64.4,1168,0.64,0.740,validation
sock-03117,argyle,white,polyblend,left,medium,66.3,1191,0.93,0.560,validation
sock-03118,plain,coral,bamboo,right,large,68.2,1214,0.22,0.750,validation
sock-03119,dots,lavender,wool,ambiguous,xl,70.1,1237,0.51,0.490,validation
sock-03120,stripes,navy,cotton,left,small,72.0,1260,0.80,0.590,validation
sock-03121,tiny-stars,yellow,modal,right,medium,24.9,1283,0.09,0.810,validation
sock-03122,ribbed,black,linen,ambiguous,large,26.8,1306,0.38,0.840,validation
sock-03123,heather,green,polyblend,left,xl,28.7,1329,0.67,0.690,validation
sock-03124,chevron,burgundy,bamboo,right,small,30.6,1352,0.96,0.690,validation
sock-03125,argyle,charcoal,wool,ambiguous,medium,32.5,1375,0.25,0.450,validation
sock-03126,plain,teal,cotton,left,large,34.4,1398,0.54,0.580,validation
sock-03127,dots,white,modal,right,xl,36.3,1421,0.83,0.750,validation
sock-03128,stripes,coral,linen,ambiguous,small,38.2,1444,0.12,0.760,validation
sock-03129,tiny-stars,lavender,polyblend,left,medium,40.1,1467,0.41,0.700,validation
sock-03130,ribbed,navy,bamboo,right,large,42.0,1490,0.70,0.790,validation
sock-03131,heather,yellow,wool,ambiguous,xl,43.9,613,0.99,0.510,validation
sock-03132,chevron,black,cotton,left,small,45.8,636,0.28,0.610,validation
sock-03133,argyle,green,modal,right,medium,47.7,659,0.57,0.780,validation
sock-03134,plain,burgundy,linen,ambiguous,large,49.6,682,0.86,0.840,validation
sock-03135,dots,charcoal,polyblend,left,xl,51.5,705,0.15,0.710,validation
sock-03136,stripes,teal,bamboo,right,small,53.4,728,0.44,0.710,validation
sock-03137,tiny-stars,white,wool,ambiguous,medium,55.3,751,0.73,0.450,validation
sock-03138,ribbed,coral,cotton,left,large,57.2,774,0.02,0.530,validation
sock-03139,heather,lavender,modal,right,xl,59.1,797,0.31,0.840,validation
sock-03140,chevron,navy,linen,ambiguous,small,61.0,820,0.60,0.870,validation
sock-03141,argyle,yellow,polyblend,left,medium,62.9,843,0.89,0.670,validation
sock-03142,plain,black,bamboo,right,large,64.8,866,0.18,0.880,validation
sock-03143,dots,green,wool,ambiguous,xl,66.7,889,0.47,0.530,validation
sock-03144,stripes,burgundy,cotton,left,small,68.6,912,0.76,0.540,validation
sock-03145,tiny-stars,charcoal,modal,right,medium,70.5,935,0.05,0.480,validation
sock-03146,ribbed,teal,linen,ambiguous,large,72.4,958,0.34,0.790,validation
sock-03147,heather,white,polyblend,left,xl,25.3,981,0.63,0.660,validation
sock-03148,chevron,coral,bamboo,right,small,27.2,1004,0.92,0.730,validation
sock-03149,argyle,lavender,wool,ambiguous,medium,29.1,1027,0.21,0.490,validation
sock-03150,plain,navy,cotton,left,large,31.0,1050,0.50,0.710,validation
sock-03151,dots,yellow,modal,right,xl,32.9,1073,0.79,0.490,validation
sock-03152,stripes,black,linen,ambiguous,small,34.8,1096,0.08,0.890,validation
sock-03153,tiny-stars,green,polyblend,left,medium,36.7,1119,0.37,0.740,validation
sock-03154,ribbed,burgundy,bamboo,right,large,38.6,1142,0.66,0.740,validation
sock-03155,heather,charcoal,wool,ambiguous,xl,40.5,1165,0.95,0.550,validation
sock-03156,chevron,teal,cotton,left,small,42.4,1188,0.24,0.560,validation
sock-03157,argyle,white,modal,right,medium,44.3,1211,0.53,0.380,validation
sock-03158,plain,coral,linen,ambiguous,large,46.2,1234,0.82,0.880,validation
sock-03159,dots,lavender,polyblend,left,xl,48.1,1257,0.11,0.750,validation
sock-03160,stripes,navy,bamboo,right,small,50.0,1280,0.40,0.840,validation
sock-03161,tiny-stars,yellow,wool,ambiguous,medium,51.9,1303,0.69,0.560,validation
sock-03162,ribbed,black,cotton,left,large,53.8,1326,0.98,0.660,validation
sock-03163,heather,green,modal,right,xl,55.7,1349,0.27,0.510,validation
sock-03164,chevron,burgundy,linen,ambiguous,small,57.6,1372,0.56,0.820,validation
sock-03165,argyle,charcoal,polyblend,left,medium,59.5,1395,0.85,0.710,validation
sock-03166,plain,teal,bamboo,right,large,61.4,1418,0.14,0.830,validation
sock-03167,dots,white,wool,ambiguous,xl,63.3,1441,0.43,0.500,validation
sock-03168,stripes,coral,cotton,left,small,65.2,1464,0.72,0.580,validation
sock-03169,tiny-stars,lavender,modal,right,medium,67.1,1487,0.01,0.520,validation
sock-03170,ribbed,navy,linen,ambiguous,large,69.0,610,0.30,0.920,validation
sock-03171,heather,yellow,polyblend,left,xl,70.9,633,0.59,0.770,validation
sock-03172,chevron,black,bamboo,right,small,72.8,656,0.88,0.860,validation
sock-03173,argyle,green,wool,ambiguous,medium,25.7,679,0.17,0.530,validation
sock-03174,plain,burgundy,cotton,left,large,27.6,702,0.46,0.660,validation
sock-03175,dots,charcoal,modal,right,xl,29.5,725,0.75,0.530,validation
sock-03176,stripes,teal,linen,ambiguous,small,31.4,748,0.04,0.840,validation
sock-03177,tiny-stars,white,polyblend,left,medium,33.3,771,0.33,0.710,validation
sock-03178,ribbed,coral,bamboo,right,large,35.2,794,0.62,0.780,validation
sock-03179,heather,lavender,wool,ambiguous,xl,37.1,817,0.91,0.590,validation
sock-03180,chevron,navy,cotton,left,small,39.0,840,0.20,0.690,validation
sock-03181,argyle,yellow,modal,right,medium,40.9,863,0.49,0.490,validation
sock-03182,plain,black,linen,ambiguous,large,42.8,886,0.78,0.640,validation
sock-03183,dots,green,polyblend,left,xl,44.7,909,0.07,0.790,validation
sock-03184,stripes,burgundy,bamboo,right,small,46.6,932,0.36,0.790,validation
sock-03185,tiny-stars,charcoal,wool,ambiguous,medium,48.5,955,0.65,0.600,validation
sock-03186,ribbed,teal,cotton,left,large,50.4,978,0.94,0.610,validation
sock-03187,heather,white,modal,right,xl,52.3,1001,0.23,0.480,validation
sock-03188,chevron,coral,linen,ambiguous,small,54.2,1024,0.52,0.490,validation
sock-03189,argyle,lavender,polyblend,left,medium,56.1,1047,0.81,0.750,validation
sock-03190,plain,navy,bamboo,right,large,58.0,1070,0.10,0.960,validation
sock-03191,dots,yellow,wool,ambiguous,xl,59.9,1093,0.39,0.610,validation
sock-03192,stripes,black,cotton,left,small,61.8,1116,0.68,0.710,validation
sock-03193,tiny-stars,green,modal,right,medium,63.7,1139,0.97,0.560,validation
sock-03194,ribbed,burgundy,linen,ambiguous,large,65.6,1162,0.26,0.500,validation
sock-03195,heather,charcoal,polyblend,left,xl,67.5,1185,0.55,0.810,validation
sock-03196,chevron,teal,bamboo,right,small,69.4,1208,0.84,0.810,validation
sock-03197,argyle,white,wool,ambiguous,medium,71.3,1231,0.13,0.500,validation
sock-03198,plain,coral,cotton,left,large,24.2,1254,0.42,0.700,validation
sock-03199,dots,lavender,modal,right,xl,26.1,1277,0.71,0.570,validation
sock-03200,stripes,navy,linen,ambiguous,small,28.0,1300,0.00,0.600,validation
sock-03201,tiny-stars,yellow,polyblend,left,medium,29.9,1323,0.29,0.820,validation
sock-03202,ribbed,black,bamboo,right,large,31.8,1346,0.58,0.910,validation
sock-03203,heather,green,wool,ambiguous,xl,33.7,1369,0.87,0.630,validation
sock-03204,chevron,burgundy,cotton,left,small,35.6,1392,0.16,0.640,validation
sock-03205,argyle,charcoal,modal,right,medium,37.5,1415,0.45,0.530,validation
sock-03206,plain,teal,linen,ambiguous,large,39.4,1438,0.74,0.590,validation
sock-03207,dots,white,polyblend,left,xl,41.3,1461,0.03,0.760,validation
sock-03208,stripes,coral,bamboo,right,small,43.2,1484,0.32,0.830,validation
sock-03209,tiny-stars,lavender,wool,ambiguous,medium,45.1,607,0.61,0.640,validation
sock-03210,ribbed,navy,cotton,left,large,47.0,630,0.90,0.740,validation
sock-03211,heather,yellow,modal,right,xl,48.9,653,0.19,0.590,validation
sock-03212,chevron,black,linen,ambiguous,small,50.8,676,0.48,0.620,validation
sock-03213,argyle,green,polyblend,left,medium,52.7,699,0.77,0.790,validation
sock-03214,plain,burgundy,bamboo,right,large,54.6,722,0.06,0.910,validation
sock-03215,dots,charcoal,wool,ambiguous,xl,56.5,745,0.35,0.650,validation
sock-03216,stripes,teal,cotton,left,small,58.4,768,0.64,0.660,validation
sock-03217,tiny-stars,white,modal,right,medium,60.3,791,0.93,0.530,validation
sock-03218,ribbed,coral,linen,ambiguous,large,62.2,814,0.22,0.540,validation
sock-03219,heather,lavender,polyblend,left,xl,64.1,837,0.51,0.480,validation
sock-03220,chevron,navy,bamboo,right,small,66.0,860,0.80,0.940,validation
sock-03221,argyle,yellow,wool,ambiguous,medium,67.9,883,0.09,0.610,validation
sock-03222,plain,black,cotton,left,large,69.8,906,0.38,0.830,validation
sock-03223,dots,green,modal,right,xl,71.7,929,0.67,0.610,validation
sock-03224,stripes,burgundy,linen,ambiguous,small,24.6,952,0.96,0.550,validation
sock-03225,tiny-stars,charcoal,polyblend,left,medium,26.5,975,0.25,0.490,validation
sock-03226,ribbed,teal,bamboo,right,large,28.4,998,0.54,0.860,validation
sock-03227,heather,white,wool,ambiguous,xl,30.3,1021,0.83,0.600,validation
sock-03228,chevron,coral,cotton,left,small,32.2,1044,0.12,0.680,validation
sock-03229,argyle,lavender,modal,right,medium,34.1,1067,0.41,0.570,validation
sock-03230,plain,navy,linen,ambiguous,large,36.0,1090,0.70,0.720,validation
sock-03231,dots,yellow,polyblend,left,xl,37.9,1113,0.99,0.500,validation
sock-03232,stripes,black,bamboo,right,small,39.8,1136,0.28,0.960,validation
sock-03233,tiny-stars,green,wool,ambiguous,medium,41.7,1159,0.57,0.680,validation
sock-03234,ribbed,burgundy,cotton,left,large,43.6,1182,0.86,0.690,validation
sock-03235,heather,charcoal,modal,right,xl,45.5,1205,0.15,0.630,validation
sock-03236,chevron,teal,linen,ambiguous,small,47.4,1228,0.44,0.570,validation
sock-03237,argyle,white,polyblend,left,medium,49.3,1251,0.73,0.390,validation
sock-03238,plain,coral,bamboo,right,large,51.2,1274,0.02,0.950,validation
sock-03239,dots,lavender,wool,ambiguous,xl,53.1,1297,0.31,0.690,validation
sock-03240,stripes,navy,cotton,left,small,55.0,1320,0.60,0.790,validation
sock-03241,tiny-stars,yellow,modal,right,medium,56.9,1343,0.89,0.640,validation
sock-03242,ribbed,black,linen,ambiguous,large,58.8,1366,0.18,0.670,validation
sock-03243,heather,green,polyblend,left,xl,60.7,1389,0.47,0.520,validation
sock-03244,chevron,burgundy,bamboo,right,small,62.6,1412,0.76,0.890,validation
sock-03245,argyle,charcoal,wool,ambiguous,medium,64.5,1435,0.05,0.650,validation
sock-03246,plain,teal,cotton,left,large,66.4,1458,0.34,0.780,validation
sock-03247,dots,white,modal,right,xl,68.3,1481,0.63,0.580,validation
sock-03248,stripes,coral,linen,ambiguous,small,70.2,604,0.92,0.590,validation
sock-03249,tiny-stars,lavender,polyblend,left,medium,72.1,627,0.21,0.530,validation
sock-03250,ribbed,navy,bamboo,right,large,25.0,650,0.50,0.990,validation
sock-03251,heather,yellow,wool,ambiguous,xl,26.9,673,0.79,0.710,validation
sock-03252,chevron,black,cotton,left,small,28.8,696,0.08,0.810,validation
sock-03253,argyle,green,modal,right,medium,30.7,719,0.37,0.610,validation
sock-03254,plain,burgundy,linen,ambiguous,large,32.6,742,0.66,0.670,validation
sock-03255,dots,charcoal,polyblend,left,xl,34.5,765,0.95,0.540,validation
sock-03256,stripes,teal,bamboo,right,small,36.4,788,0.24,0.540,validation
sock-03257,tiny-stars,white,wool,ambiguous,medium,38.3,811,0.53,0.650,validation
sock-03258,ribbed,coral,cotton,left,large,40.2,834,0.82,0.730,validation
sock-03259,heather,lavender,modal,right,xl,42.1,857,0.11,0.670,validation
sock-03260,chevron,navy,linen,ambiguous,small,44.0,880,0.40,0.700,validation
sock-03261,argyle,yellow,polyblend,left,medium,45.9,903,0.69,0.500,validation
sock-03262,plain,black,bamboo,right,large,47.8,926,0.98,0.710,validation
sock-03263,dots,green,wool,ambiguous,xl,49.7,949,0.27,0.730,validation
sock-03264,stripes,burgundy,cotton,left,small,51.6,972,0.56,0.740,validation
sock-03265,tiny-stars,charcoal,modal,right,medium,53.5,995,0.85,0.680,validation
sock-03266,ribbed,teal,linen,ambiguous,large,55.4,1018,0.14,0.620,validation
sock-03267,heather,white,polyblend,left,xl,57.3,1041,0.43,0.490,validation
sock-03268,chevron,coral,bamboo,right,small,59.2,1064,0.72,0.560,validation
sock-03269,argyle,lavender,wool,ambiguous,medium,61.1,1087,0.01,0.690,validation
sock-03270,plain,navy,cotton,left,large,63.0,1110,0.30,0.910,validation
sock-03271,dots,yellow,modal,right,xl,64.9,1133,0.59,0.690,validation
sock-03272,stripes,black,linen,ambiguous,small,66.8,1156,0.88,0.720,validation
sock-03273,tiny-stars,green,polyblend,left,medium,68.7,1179,0.17,0.570,validation
sock-03274,ribbed,burgundy,bamboo,right,large,70.6,1202,0.46,0.570,validation
sock-03275,heather,charcoal,wool,ambiguous,xl,72.5,1225,0.75,0.750,validation
sock-03276,chevron,teal,cotton,left,small,25.4,1248,0.04,0.760,validation
sock-03277,argyle,white,modal,right,medium,27.3,1271,0.33,0.580,validation
sock-03278,plain,coral,linen,ambiguous,large,29.2,1294,0.62,0.710,validation
sock-03279,dots,lavender,polyblend,left,xl,31.1,1317,0.91,0.580,validation
sock-03280,stripes,navy,bamboo,right,small,33.0,1340,0.20,0.670,validation
sock-03281,tiny-stars,yellow,wool,ambiguous,medium,34.9,1363,0.49,0.760,validation
sock-03282,ribbed,black,cotton,left,large,36.8,1386,0.78,0.860,validation
sock-03283,heather,green,modal,right,xl,38.7,1409,0.07,0.710,validation
sock-03284,chevron,burgundy,linen,ambiguous,small,40.6,1432,0.36,0.650,validation
sock-03285,argyle,charcoal,polyblend,left,medium,42.5,1455,0.65,0.540,validation
sock-03286,plain,teal,bamboo,right,large,44.4,1478,0.94,0.660,validation
sock-03287,dots,white,wool,ambiguous,xl,46.3,601,0.23,0.700,validation
sock-03288,stripes,coral,cotton,left,small,48.2,624,0.52,0.780,validation
sock-03289,tiny-stars,lavender,modal,right,medium,50.1,647,0.81,0.720,validation
sock-03290,ribbed,navy,linen,ambiguous,large,52.0,670,0.10,0.750,validation
sock-03291,heather,yellow,polyblend,left,xl,53.9,693,0.39,0.600,validation
sock-03292,chevron,black,bamboo,right,small,55.8,716,0.68,0.690,validation
sock-03293,argyle,green,wool,ambiguous,medium,57.7,739,0.97,0.360,validation
sock-03294,plain,burgundy,cotton,left,large,59.6,762,0.26,0.860,validation
sock-03295,dots,charcoal,modal,right,xl,61.5,785,0.55,0.730,validation
sock-03296,stripes,teal,linen,ambiguous,small,63.4,808,0.84,0.670,validation
sock-03297,tiny-stars,white,polyblend,left,medium,65.3,831,0.13,0.540,validation
sock-03298,ribbed,coral,bamboo,right,large,67.2,854,0.42,0.610,validation
sock-03299,heather,lavender,wool,ambiguous,xl,69.1,877,0.71,0.420,validation
sock-03300,chevron,navy,cotton,left,small,71.0,900,0.00,0.890,validation
sock-03301,argyle,yellow,modal,right,medium,72.9,923,0.29,0.690,validation
sock-03302,plain,black,linen,ambiguous,large,25.8,946,0.58,0.840,validation
sock-03303,dots,green,polyblend,left,xl,27.7,969,0.87,0.620,validation
sock-03304,stripes,burgundy,bamboo,right,small,29.6,992,0.16,0.620,validation
sock-03305,tiny-stars,charcoal,wool,ambiguous,medium,31.5,1015,0.45,0.430,validation
sock-03306,ribbed,teal,cotton,left,large,33.4,1038,0.74,0.810,validation
sock-03307,heather,white,modal,right,xl,35.3,1061,0.03,0.680,validation
sock-03308,chevron,coral,linen,ambiguous,small,37.2,1084,0.32,0.690,validation
sock-03309,argyle,lavender,polyblend,left,medium,39.1,1107,0.61,0.580,validation
sock-03310,plain,navy,bamboo,right,large,41.0,1130,0.90,0.790,validation
sock-03311,dots,yellow,wool,ambiguous,xl,42.9,1153,0.19,0.440,validation
sock-03312,stripes,black,cotton,left,small,44.8,1176,0.48,0.910,validation
sock-03313,tiny-stars,green,modal,right,medium,46.7,1199,0.77,0.760,validation
sock-03314,ribbed,burgundy,linen,ambiguous,large,48.6,1222,0.06,0.700,validation
sock-03315,heather,charcoal,polyblend,left,xl,50.5,1245,0.35,0.640,validation
sock-03316,chevron,teal,bamboo,right,small,52.4,1268,0.64,0.640,validation
sock-03317,argyle,white,wool,ambiguous,medium,54.3,1291,0.93,0.330,validation
sock-03318,plain,coral,cotton,left,large,56.2,1314,0.22,0.900,validation
sock-03319,dots,lavender,modal,right,xl,58.1,1337,0.51,0.770,validation
sock-03320,stripes,navy,linen,ambiguous,small,60.0,1360,0.80,0.800,validation
sock-03321,tiny-stars,yellow,polyblend,left,medium,61.9,1383,0.09,0.650,validation
sock-03322,ribbed,black,bamboo,right,large,63.8,1406,0.38,0.740,validation
sock-03323,heather,green,wool,ambiguous,xl,65.7,1429,0.67,0.460,validation
sock-03324,chevron,burgundy,cotton,left,small,67.6,1452,0.96,0.840,validation
sock-03325,argyle,charcoal,modal,right,medium,69.5,1475,0.25,0.730,validation
sock-03326,plain,teal,linen,ambiguous,large,71.4,1498,0.54,0.790,validation
sock-03327,dots,white,polyblend,left,xl,24.3,621,0.83,0.590,validation
sock-03328,stripes,coral,bamboo,right,small,26.2,644,0.12,0.660,validation
sock-03329,tiny-stars,lavender,wool,ambiguous,medium,28.1,667,0.41,0.470,validation
sock-03330,ribbed,navy,cotton,left,large,30.0,690,0.70,0.570,validation
sock-03331,heather,yellow,modal,right,xl,31.9,713,0.99,0.790,validation
sock-03332,chevron,black,linen,ambiguous,small,33.8,736,0.28,0.820,validation
sock-03333,argyle,green,polyblend,left,medium,35.7,759,0.57,0.620,validation
sock-03334,plain,burgundy,bamboo,right,large,37.6,782,0.86,0.740,validation
sock-03335,dots,charcoal,wool,ambiguous,xl,39.5,805,0.15,0.480,validation
sock-03336,stripes,teal,cotton,left,small,41.4,828,0.44,0.490,validation
sock-03337,tiny-stars,white,modal,right,medium,43.3,851,0.73,0.730,validation
sock-03338,ribbed,coral,linen,ambiguous,large,45.2,874,0.02,0.740,validation
sock-03339,heather,lavender,polyblend,left,xl,47.1,897,0.31,0.680,validation
sock-03340,chevron,navy,bamboo,right,small,49.0,920,0.60,0.770,validation
sock-03341,argyle,yellow,wool,ambiguous,medium,50.9,943,0.89,0.440,validation
sock-03342,plain,black,cotton,left,large,52.8,966,0.18,0.660,validation
sock-03343,dots,green,modal,right,xl,54.7,989,0.47,0.810,validation
sock-03344,stripes,burgundy,linen,ambiguous,small,56.6,1012,0.76,0.750,validation
sock-03345,tiny-stars,charcoal,polyblend,left,medium,58.5,1035,0.05,0.690,validation
sock-03346,ribbed,teal,bamboo,right,large,60.4,1058,0.34,0.690,validation
sock-03347,heather,white,wool,ambiguous,xl,62.3,1081,0.63,0.430,validation
sock-03348,chevron,coral,cotton,left,small,64.2,1104,0.92,0.510,validation
sock-03349,argyle,lavender,modal,right,medium,66.1,1127,0.21,0.770,validation
sock-03350,plain,navy,linen,ambiguous,large,68.0,1150,0.50,0.920,validation
sock-03351,dots,yellow,polyblend,left,xl,69.9,1173,0.79,0.700,validation
sock-03352,stripes,black,bamboo,right,small,71.8,1196,0.08,0.790,validation
sock-03353,tiny-stars,green,wool,ambiguous,medium,24.7,1219,0.37,0.510,validation
sock-03354,ribbed,burgundy,cotton,left,large,26.6,1242,0.66,0.520,validation
sock-03355,heather,charcoal,modal,right,xl,28.5,1265,0.95,0.830,validation
sock-03356,chevron,teal,linen,ambiguous,small,30.4,1288,0.24,0.770,validation
sock-03357,argyle,white,polyblend,left,medium,32.3,1311,0.53,0.590,validation
sock-03358,plain,coral,bamboo,right,large,34.2,1334,0.82,0.780,validation
sock-03359,dots,lavender,wool,ambiguous,xl,36.1,1357,0.11,0.520,validation
sock-03360,stripes,navy,cotton,left,small,38.0,1380,0.40,0.620,validation
sock-03361,tiny-stars,yellow,modal,right,medium,39.9,1403,0.69,0.840,validation
sock-03362,ribbed,black,linen,ambiguous,large,41.8,1426,0.98,0.870,validation
sock-03363,heather,green,polyblend,left,xl,43.7,1449,0.27,0.720,validation
sock-03364,chevron,burgundy,bamboo,right,small,45.6,1472,0.56,0.720,validation
sock-03365,argyle,charcoal,wool,ambiguous,medium,47.5,1495,0.85,0.480,validation
sock-03366,plain,teal,cotton,left,large,49.4,618,0.14,0.610,validation
sock-03367,dots,white,modal,right,xl,51.3,641,0.43,0.410,validation
sock-03368,stripes,coral,linen,ambiguous,small,53.2,664,0.72,0.790,validation
sock-03369,tiny-stars,lavender,polyblend,left,medium,55.1,687,0.01,0.730,validation
sock-03370,ribbed,navy,bamboo,right,large,57.0,710,0.30,0.820,validation
sock-03371,heather,yellow,wool,ambiguous,xl,58.9,733,0.59,0.540,validation
sock-03372,chevron,black,cotton,left,small,60.8,756,0.88,0.640,validation
sock-03373,argyle,green,modal,right,medium,62.7,779,0.17,0.440,validation
sock-03374,plain,burgundy,linen,ambiguous,large,64.6,802,0.46,0.870,validation
sock-03375,dots,charcoal,polyblend,left,xl,66.5,825,0.75,0.740,validation
